,Rank,Gender,Forename,Incidence,Frequency,freq,gender,m,f
0,1,100%,Musa,"2,407,040",1:74,0.013513513513513514,1.0,1.0,0.0
1,2,100%,Ibrahim,"2,330,121",1:76,0.013157894736842105,1.0,1.0,0.0
2,3,100%,Abubakar,"1,981,909",1:90,0.011111111111111112,1.0,1.0,0.0
3,4,100%,Sani,"1,617,172",1:110,0.00909090909090909,1.0,1.0,0.0
4,5,100%,Abdullahi,"1,529,423",1:116,0.008620689655172414,1.0,1.0,0.0
5,6,100%,Mohammed,"1,407,369",1:126,0.007936507936507936,1.0,1.0,0.0
6,7,100%,Sunday,"1,362,233",1:130,0.007692307692307693,1.0,1.0,0.0
7,8,100%,Umar,"1,299,392",1:137,0.0072992700729927005,1.0,1.0,0.0
8,9,100%,Emmanuel,"1,282,079",1:138,0.007246376811594203,1.0,1.0,0.0
9,10,100%,Adamu,"1,258,123",1:141,0.0070921985815602835,1.0,1.0,0.0
10,11,100%,Usman,"1,167,759",1:152,0.006578947368421052,1.0,1.0,0.0
11,12,100%,Blessing,"1,157,912",1:153,0.006535947712418301,1.0,1.0,0.0
12,13,100%,Aliyu,"971,776",1:183,0.00546448087431694,1.0,1.0,0.0
13,14,100%,Aisha,"956,544",1:186,0.005376344086021506,1.0,1.0,0.0
14,15,100%,Muhammed,"950,357",1:187,0.0053475935828877,1.0,1.0,0.0
15,16,100%,John,"924,831",1:192,0.005208333333333333,1.0,1.0,0.0
16,17,100%,Muhammad,"889,503",1:200,0.005,1.0,1.0,0.0
17,18,100%,Fatima,"883,495",1:201,0.004975124378109453,1.0,1.0,0.0
18,19,100%,Mary,"861,259",1:206,0.0048543689320388345,1.0,1.0,0.0
19,20,100%,Esther,"859,891",1:206,0.0048543689320388345,1.0,1.0,0.0
20,21,100%,Yusuf,"829,523",1:214,0.004672897196261682,1.0,1.0,0.0
21,22,100%,Ali,"814,082",1:218,0.0045871559633027525,1.0,1.0,0.0
22,23,100%,Samuel,"800,334",1:222,0.0045045045045045045,1.0,1.0,0.0
23,24,100%,Aminu,"771,079",1:230,0.004347826086956522,1.0,1.0,0.0
24,25,100%,Grace,"765,275",1:232,0.004310344827586207,1.0,1.0,0.0
25,26,100%,Joseph,"717,559",1:247,0.004048582995951417,1.0,1.0,0.0
26,27,99% ,Hassan,"678,525",1:262,0.003816793893129771,0.99,0.99,0.010000000000000009
27,28,100%,Amina,"631,363",1:281,0.0035587188612099642,1.0,1.0,0.0
28,29,100%,Haruna,"630,349",1:282,0.0035460992907801418,1.0,1.0,0.0
29,30,100%,Salisu,"596,970",1:297,0.003367003367003367,1.0,1.0,0.0
30,31,100%,Peter,"581,165",1:306,0.0032679738562091504,1.0,1.0,0.0
31,32,99% ,Bello,"570,506",1:311,0.003215434083601286,0.99,0.99,0.010000000000000009
32,33,98% ,Garba,"563,202",1:315,0.0031746031746031746,0.98,0.98,0.020000000000000018
33,34,100%,Zainab,"544,793",1:326,0.003067484662576687,1.0,1.0,0.0
34,35,100%,Maryam,"542,104",1:328,0.003048780487804878,1.0,1.0,0.0
35,36,100%,Joy,"541,850",1:328,0.003048780487804878,1.0,1.0,0.0
36,37,100%,Victoria,"537,858",1:330,0.0030303030303030303,1.0,1.0,0.0
37,38,100%,Kabiru,"515,181",1:345,0.002898550724637681,1.0,1.0,0.0
38,39,100%,Elizabeth,"514,373",1:345,0.002898550724637681,1.0,1.0,0.0
39,40,100%,Isa,"504,047",1:352,0.002840909090909091,1.0,1.0,0.0
40,41,100%,Hadiza,"485,623",1:366,0.00273224043715847,1.0,1.0,0.0
41,42,100%,Idris,"483,624",1:367,0.0027247956403269754,1.0,1.0,0.0
42,43,100%,Mercy,"482,085",1:368,0.002717391304347826,1.0,1.0,0.0
43,44,100%,Isah,"476,435",1:373,0.002680965147453083,1.0,1.0,0.0
44,45,100%,Yahaya,"473,534",1:375,0.0026666666666666666,1.0,1.0,0.0
45,46,100%,Hauwa,"470,364",1:378,0.0026455026455026454,1.0,1.0,0.0
46,47,100%,David,"465,066",1:382,0.002617801047120419,1.0,1.0,0.0
47,48,100%,Daniel,"453,661",1:391,0.0025575447570332483,1.0,1.0,0.0
48,49,100%,Ngozi,"447,676",1:397,0.0025188916876574307,1.0,1.0,0.0
49,50,100%,Yakubu,"442,648",1:401,0.0024937655860349127,1.0,1.0,0.0
50,51,100%,Ahmed,"441,368",1:402,0.0024875621890547263,1.0,1.0,0.0
51,52,100%,Patience,"435,934",1:407,0.002457002457002457,1.0,1.0,0.0
52,53,100%,Moses,"433,530",1:410,0.0024390243902439024,1.0,1.0,0.0
53,54, 54%,Taiwo,"427,849",1:415,0.0024096385542168677,0.54,0.54,0.45999999999999996
54,55,100%,James,"426,899",1:416,0.002403846153846154,1.0,1.0,0.0
55,56, 59%,Kehinde,"411,381",1:432,0.0023148148148148147,0.59,0.59,0.41000000000000003
56,57,100%,Rabiu,"410,324",1:433,0.0023094688221709007,1.0,1.0,0.0
57,58,100%,Victor,"409,838",1:433,0.0023094688221709007,1.0,1.0,0.0
58,59,100%,Mustapha,"406,742",1:437,0.002288329519450801,1.0,1.0,0.0
59,60,100%,Friday,"406,246",1:437,0.002288329519450801,1.0,1.0,0.0
60,61,99% ,Shehu,"404,762",1:439,0.002277904328018223,0.99,0.99,0.010000000000000009
61,62,100%,Nura,"396,819",1:447,0.0022371364653243847,1.0,1.0,0.0
62,63,100%,Bala,"395,844",1:449,0.0022271714922048997,1.0,1.0,0.0
63,64,100%,Comfort,"388,356",1:457,0.002188183807439825,1.0,1.0,0.0
64,65,100%,Lawal,"388,069",1:458,0.002183406113537118,1.0,1.0,0.0
65,66,100%,Godwin,"379,522",1:468,0.002136752136752137,1.0,1.0,0.0
66,67,100%,Emeka,"367,112",1:484,0.002066115702479339,1.0,1.0,0.0
67,68,100%,Monday,"365,087",1:486,0.00205761316872428,1.0,1.0,0.0
68,69,100%,Paul,"345,764",1:514,0.0019455252918287938,1.0,1.0,0.0
69,70,99% ,Ahmad,"338,440",1:525,0.0019047619047619048,0.99,0.99,0.010000000000000009
70,71,98% ,Ifeanyi,"337,526",1:526,0.0019011406844106464,0.98,0.98,0.020000000000000018
71,72,100%,Michael,"334,386",1:531,0.0018832391713747645,1.0,1.0,0.0
72,73,100%,Nasiru,"333,596",1:532,0.0018796992481203006,1.0,1.0,0.0
73,74,100%,Anthony,"330,343",1:538,0.0018587360594795538,1.0,1.0,0.0
74,75,100%,Christiana,"327,818",1:542,0.0018450184501845018,1.0,1.0,0.0
75,76,100%,Aishatu,"318,276",1:558,0.0017921146953405018,1.0,1.0,0.0
76,77,100%,Saidu,"307,737",1:577,0.0017331022530329288,1.0,1.0,0.0
77,78,100%,Abba,"307,417",1:578,0.0017301038062283738,1.0,1.0,0.0
78,79,100%,Dauda,"303,269",1:586,0.0017064846416382253,1.0,1.0,0.0
79,80,100%,Solomon,"302,356",1:587,0.0017035775127768314,1.0,1.0,0.0
80,81,99% ,Umaru,"298,781",1:594,0.0016835016835016834,0.99,0.99,0.010000000000000009
81,82,100%,Florence,"295,323",1:601,0.0016638935108153079,1.0,1.0,0.0
82,83,95% ,Chinedu,"294,286",1:603,0.001658374792703151,0.95,0.95,0.050000000000000044
83,84,100%,Halima,"291,454",1:609,0.0016420361247947454,1.0,1.0,0.0
84,85,100%,Felicia,"290,789",1:611,0.0016366612111292963,1.0,1.0,0.0
85,86,100%,Sulaiman,"290,296",1:612,0.0016339869281045752,1.0,1.0,0.0
86,87,100%,Rose,"288,594",1:615,0.0016260162601626016,1.0,1.0,0.0
87,88,100%,Helen,"288,328",1:616,0.0016233766233766235,1.0,1.0,0.0
88,89,100%,Ruth,"280,922",1:632,0.0015822784810126582,1.0,1.0,0.0
89,90,100%,Charity,"276,046",1:643,0.0015552099533437014,1.0,1.0,0.0
90,91,100%,Bashir,"274,774",1:646,0.0015479876160990713,1.0,1.0,0.0
91,92, 97%,Rabi,"273,143",1:650,0.0015384615384615385,0.97,0.97,0.030000000000000027
92,93,100%,Chinyere,"271,892",1:653,0.0015313935681470138,1.0,1.0,0.0
93,94,100%,Micheal,"270,373",1:657,0.0015220700152207,1.0,1.0,0.0
94,95,72% ,Abiodun,"268,272",1:662,0.0015105740181268882,0.72,0.72,0.28
95,96,100%,Francis,"263,605",1:674,0.001483679525222552,1.0,1.0,0.0
96,97,100%,Janet,"262,033",1:678,0.0014749262536873156,1.0,1.0,0.0
97,98,100%,Glory,"261,162",1:680,0.0014705882352941176,1.0,1.0,0.0
98,99,100%,Christopher,"257,738",1:689,0.001451378809869376,1.0,1.0,0.0
99,100,100%,Ikechukwu,"257,537",1:689,0.001451378809869376,1.0,1.0,0.0
100,101,100%,Sarah,"257,470",1:690,0.0014492753623188406,1.0,1.0,0.0
101,102,100%,Kingsley,"257,342",1:690,0.0014492753623188406,1.0,1.0,0.0
102,103,100%,Stephen,"256,736",1:692,0.001445086705202312,1.0,1.0,0.0
103,104,98% ,Alhaji,"254,107",1:699,0.001430615164520744,0.98,0.98,0.020000000000000018
104,105,100%,Jamilu,"252,533",1:703,0.001422475106685633,1.0,1.0,0.0
105,106,100%,Deborah,"251,676",1:706,0.00141643059490085,1.0,1.0,0.0
106,107,100%,Mariam,"249,831",1:711,0.0014064697609001407,1.0,1.0,0.0
107,108,100%,Chioma,"248,914",1:713,0.001402524544179523,1.0,1.0,0.0
108,109,100%,Ijeoma,"245,761",1:723,0.0013831258644536654,1.0,1.0,0.0
109,110,100%,Faith,"244,989",1:725,0.001379310344827586,1.0,1.0,0.0
110,111,100%,Samson,"243,357",1:730,0.0013698630136986301,1.0,1.0,0.0
111,112,100%,Suleiman,"243,184",1:730,0.0013698630136986301,1.0,1.0,0.0
112,113,100%,Auwal,"242,908",1:731,0.0013679890560875513,1.0,1.0,0.0
113,114,100%,Alice,"241,745",1:735,0.0013605442176870747,1.0,1.0,0.0
114,115,100%,Lawan,"239,256",1:742,0.0013477088948787063,1.0,1.0,0.0
115,116,100%,Baba,"234,496",1:757,0.001321003963011889,1.0,1.0,0.0
116,117,97% ,Muhammadu,"230,436",1:771,0.0012970168612191958,0.97,0.97,0.030000000000000027
117,118,100%,Ismail,"227,525",1:780,0.001282051282051282,1.0,1.0,0.0
118,119,100%,Hauwau,"227,303",1:781,0.0012804097311139564,1.0,1.0,0.0
119,120,100%,Stella,"226,353",1:784,0.0012755102040816326,1.0,1.0,0.0
120,121,100%,Murtala,"223,377",1:795,0.0012578616352201257,1.0,1.0,0.0
121,122,100%,Isaac,"222,922",1:797,0.0012547051442910915,1.0,1.0,0.0
122,123,100%,Ifeoma,"222,289",1:799,0.0012515644555694619,1.0,1.0,0.0
123,124,100%,Gabriel,"219,295",1:810,0.0012345679012345679,1.0,1.0,0.0
124,125,100%,Joshua,"219,161",1:810,0.0012345679012345679,1.0,1.0,0.0
125,126,100%,Dahiru,"219,062",1:811,0.0012330456226880395,1.0,1.0,0.0
126,127,100%,Sale,"217,595",1:816,0.0012254901960784314,1.0,1.0,0.0
127,128,100%,Hamza,"215,614",1:824,0.0012135922330097086,1.0,1.0,0.0
128,129,100%,Funmilayo,"215,203",1:825,0.0012121212121212121,1.0,1.0,0.0
129,130,100%,Maria,"214,755",1:827,0.0012091898428053204,1.0,1.0,0.0
130,131,100%,Nuhu,"214,393",1:828,0.0012077294685990338,1.0,1.0,0.0
131,132,100%,Gloria,"213,320",1:832,0.001201923076923077,1.0,1.0,0.0
132,133,100%,Augustine,"212,413",1:836,0.0011961722488038277,1.0,1.0,0.0
133,134,67% ,Uche,"210,181",1:845,0.001183431952662722,0.67,0.67,0.32999999999999996
134,135,100%,Patrick,"209,962",1:846,0.001182033096926714,1.0,1.0,0.0
135,136,97% ,Christian,"208,540",1:851,0.0011750881316098707,0.97,0.97,0.030000000000000027
136,137,100%,Auwalu,"206,176",1:861,0.0011614401858304297,1.0,1.0,0.0
137,138, 95%,Toyin,"205,863",1:863,0.0011587485515643105,0.95,0.95,0.050000000000000044
138,139,100%,Hajara,"205,552",1:864,0.0011574074074074073,1.0,1.0,0.0
139,140, 83%,Chika,"204,016",1:870,0.0011494252873563218,0.83,0.83,0.17000000000000004
140,141,50% ,Idowu,"203,667",1:872,0.0011467889908256881,0.5,0.5,0.5
141,142,75% ,Uchenna,"203,345",1:873,0.001145475372279496,0.75,0.75,0.25
142,143,100%,Felix,"197,548",1:899,0.0011123470522803114,1.0,1.0,0.0
143,144,100%,Oluchi,"195,935",1:906,0.0011037527593818985,1.0,1.0,0.0
144,145, 76%,Temitope,"192,519",1:922,0.0010845986984815619,0.76,0.76,0.24
145,146,100%,Peace,"192,239",1:924,0.0010822510822510823,1.0,1.0,0.0
146,147,100%,Henry,"192,126",1:924,0.0010822510822510823,1.0,1.0,0.0
147,148,100%,Roseline,"190,266",1:933,0.0010718113612004287,1.0,1.0,0.0
148,149,100%,Habiba,"189,399",1:938,0.0010660980810234541,1.0,1.0,0.0
149,150,100%,Innocent,"189,026",1:939,0.0010649627263045794,1.0,1.0,0.0
150,151,100%,Yau,"188,062",1:944,0.001059322033898305,1.0,1.0,0.0
151,152,100%,Ado,"187,755",1:946,0.0010570824524312897,1.0,1.0,0.0
152,153,100%,Juliet,"187,448",1:947,0.0010559662090813093,1.0,1.0,0.0
153,154,100%,Obinna,"186,265",1:953,0.001049317943336831,1.0,1.0,0.0
154,155, 88%,Gift,"186,079",1:954,0.0010482180293501049,0.88,0.88,0.12
155,156,100%,Abdul,"183,760",1:966,0.0010351966873706005,1.0,1.0,0.0
156,157,100%,Eunice,"182,148",1:975,0.0010256410256410256,1.0,1.0,0.0
157,158,100%,Shuaibu,"181,638",1:978,0.0010224948875255625,1.0,1.0,0.0
158,159,100%,Charles,"181,510",1:978,0.0010224948875255625,1.0,1.0,0.0
159,160,100%,Justina,"181,078",1:981,0.0010193679918450561,1.0,1.0,0.0
160,161,100%,Aminat,"180,460",1:984,0.0010162601626016261,1.0,1.0,0.0
161,162,100%,Bose,"177,292","1:1,002",0.000998003992015968,1.0,1.0,0.0
162,163,100%,Hamisu,"176,737","1:1,005",0.0009950248756218905,1.0,1.0,0.0
163,164,97% ,Audu,"176,098","1:1,008",0.000992063492063492,0.97,0.97,0.030000000000000027
164,165,100%,Samaila,"175,712","1:1,011",0.0009891196834817012,1.0,1.0,0.0
165,166,100%,Kabir,"175,475","1:1,012",0.0009881422924901185,1.0,1.0,0.0
166,167,100%,Veronica,"174,599","1:1,017",0.0009832841691248771,1.0,1.0,0.0
167,168,100%,Jamila,"174,490","1:1,018",0.0009823182711198428,1.0,1.0,0.0
168,169,99% ,Sule,"173,441","1:1,024",0.0009765625,0.99,0.99,0.010000000000000009
169,170,100%,Ayuba,"171,447","1:1,036",0.0009652509652509653,1.0,1.0,0.0
170,171,100%,Rebecca,"171,234","1:1,037",0.0009643201542912247,1.0,1.0,0.0
171,172,100%,Simon,"171,111","1:1,038",0.0009633911368015414,1.0,1.0,0.0
172,173,100%,Rita,"170,826","1:1,039",0.0009624639076034649,1.0,1.0,0.0
173,174,100%,Johnson,"168,626","1:1,053",0.000949667616334283,1.0,1.0,0.0
174,175,99% ,Adam,"167,557","1:1,060",0.0009433962264150943,0.99,0.99,0.010000000000000009
175,176,100%,Suleman,"167,529","1:1,060",0.0009433962264150943,1.0,1.0,0.0
176,177,100%,Segun,"167,236","1:1,062",0.0009416195856873823,1.0,1.0,0.0
177,178, 96%,Favour,"165,895","1:1,070",0.0009345794392523365,0.96,0.96,0.040000000000000036
178,179, 98%,Bukola,"165,430","1:1,073",0.0009319664492078285,0.98,0.98,0.020000000000000018
179,180,100%,Wasiu,"165,050","1:1,076",0.0009293680297397769,1.0,1.0,0.0
180,181,100%,Sanusi,"164,934","1:1,077",0.0009285051067780873,1.0,1.0,0.0
181,182,100%,Benjamin,"164,582","1:1,079",0.0009267840593141798,1.0,1.0,0.0
182,183,96% ,Lucky,"164,452","1:1,080",0.000925925925925926,0.96,0.96,0.040000000000000036
183,184, 84%,Precious,"164,109","1:1,082",0.0009242144177449168,0.84,0.84,0.16000000000000003
184,185,100%,Iyabo,"163,474","1:1,086",0.0009208103130755065,1.0,1.0,0.0
185,186,100%,Theresa,"163,434","1:1,086",0.0009208103130755065,1.0,1.0,0.0
186,187,100%,Yunusa,"163,298","1:1,087",0.0009199632014719411,1.0,1.0,0.0
187,188,100%,Juliana,"162,607","1:1,092",0.0009157509157509158,1.0,1.0,0.0
188,189,100%,Abigail,"162,145","1:1,095",0.0009132420091324201,1.0,1.0,0.0
189,190,100%,Rukayat,"161,824","1:1,097",0.0009115770282588879,1.0,1.0,0.0
190,191,100%,Salihu,"161,292","1:1,101",0.0009082652134423251,1.0,1.0,0.0
191,192,100%,Buhari,"156,699","1:1,133",0.00088261253309797,1.0,1.0,0.0
192,193,100%,Agnes,"156,337","1:1,136",0.0008802816901408451,1.0,1.0,0.0
193,194,100%,Dorcas,"155,184","1:1,144",0.0008741258741258741,1.0,1.0,0.0
194,195,100%,Josephine,"155,157","1:1,144",0.0008741258741258741,1.0,1.0,0.0
195,196, 66%,Opeyemi,"154,773","1:1,147",0.0008718395815170009,0.66,0.66,0.33999999999999997
196,197,84% ,Gambo,"154,762","1:1,147",0.0008718395815170009,0.84,0.84,0.16000000000000003
197,198,100%,Hussaini,"154,495","1:1,149",0.0008703220191470844,1.0,1.0,0.0
198,199,100%,Sadiq,"154,272","1:1,151",0.0008688097306689834,1.0,1.0,0.0
199,200,100%,Happiness,"154,113","1:1,152",0.0008680555555555555,1.0,1.0,0.0
200,201,100%,Saheed,"154,075","1:1,152",0.0008680555555555555,1.0,1.0,0.0
201,202,100%,Binta,"152,875","1:1,162",0.0008605851979345956,1.0,1.0,0.0
202,203,100%,Mathew,"152,678","1:1,163",0.0008598452278589854,1.0,1.0,0.0
203,204,100%,Okechukwu,"151,094","1:1,175",0.000851063829787234,1.0,1.0,0.0
204,205, 51%,Oluwaseun,"150,917","1:1,177",0.0008496176720475786,0.51,0.51,0.49
205,206,100%,Sadiya,"150,766","1:1,178",0.0008488964346349745,1.0,1.0,0.0
206,207,100%,Babatunde,"150,686","1:1,178",0.0008488964346349745,1.0,1.0,0.0
207,208,100%,Babangida,"150,497","1:1,180",0.000847457627118644,1.0,1.0,0.0
208,209,100%,Cecilia,"150,191","1:1,182",0.0008460236886632825,1.0,1.0,0.0
209,210,100%,Kenneth,"150,155","1:1,183",0.0008453085376162299,1.0,1.0,0.0
210,211,93% ,Bright,"149,579","1:1,187",0.0008424599831508003,0.93,0.93,0.06999999999999995
211,212,100%,Salamatu,"149,331","1:1,189",0.0008410428931875525,1.0,1.0,0.0
212,213,100%,Rosemary,"148,667","1:1,194",0.0008375209380234506,1.0,1.0,0.0
213,214,100%,Ramatu,"148,310","1:1,197",0.000835421888053467,1.0,1.0,0.0
214,215,100%,Jacob,"146,479","1:1,212",0.0008250825082508251,1.0,1.0,0.0
215,216,100%,Kayode,"146,257","1:1,214",0.0008237232289950577,1.0,1.0,0.0
216,217,100%,Regina,"144,057","1:1,233",0.0008110300081103001,1.0,1.0,0.0
217,218,54% ,Kelechi,"143,121","1:1,241",0.0008058017727639,0.54,0.54,0.45999999999999996
218,219,100%,Timothy,"141,631","1:1,254",0.0007974481658692185,1.0,1.0,0.0
219,220,100%,Akeem,"141,371","1:1,256",0.0007961783439490446,1.0,1.0,0.0
220,221,100%,Hassana,"140,902","1:1,260",0.0007936507936507937,1.0,1.0,0.0
221,222,98% ,Amadu,"140,813","1:1,261",0.0007930214115781126,0.98,0.98,0.020000000000000018
222,223,98% ,Ugochukwu,"140,515","1:1,264",0.0007911392405063291,0.98,0.98,0.020000000000000018
223,224,100%,Hafsat,"139,194","1:1,276",0.0007836990595611285,1.0,1.0,0.0
224,225,86% ,Onyekachi,"138,912","1:1,278",0.000782472613458529,0.86,0.86,0.14
225,226,100%,Ismaila,"138,697","1:1,280",0.00078125,1.0,1.0,0.0
226,227,100%,Ezekiel,"138,359","1:1,283",0.000779423226812159,1.0,1.0,0.0
227,228,100%,Maimuna,"138,230","1:1,285",0.0007782101167315176,1.0,1.0,0.0
228,229,100%,Jude,"138,212","1:1,285",0.0007782101167315176,1.0,1.0,0.0
229,230,100%,Nkechi,"138,022","1:1,286",0.0007776049766718507,1.0,1.0,0.0
230,231,100%,Danjuma,"138,009","1:1,287",0.000777000777000777,1.0,1.0,0.0
231,232,100%,Amos,"135,643","1:1,309",0.0007639419404125286,1.0,1.0,0.0
232,233,100%,Tunde,"135,030","1:1,315",0.0007604562737642585,1.0,1.0,0.0
233,234,100%,Danladi,"134,847","1:1,317",0.0007593014426727411,1.0,1.0,0.0
234,235,100%,Femi,"134,790","1:1,317",0.0007593014426727411,1.0,1.0,0.0
235,236,94% ,Dan,"134,668","1:1,319",0.000758150113722517,0.94,0.94,0.06000000000000005
236,237, 96%,Adama,"134,028","1:1,325",0.0007547169811320754,0.96,0.96,0.040000000000000036
237,238,100%,Basiru,"133,131","1:1,334",0.0007496251874062968,1.0,1.0,0.0
238,239,100%,Patricia,"133,054","1:1,335",0.000749063670411985,1.0,1.0,0.0
239,240,98% ,Habibu,"131,845","1:1,347",0.0007423904974016332,0.98,0.98,0.020000000000000018
240,241,100%,Kazeem,"131,363","1:1,352",0.0007396449704142012,1.0,1.0,0.0
241,242,100%,Angela,"131,350","1:1,352",0.0007396449704142012,1.0,1.0,0.0
242,243,100%,Ojo,"130,242","1:1,363",0.0007336757153338225,1.0,1.0,0.0
243,244,100%,Gbenga,"129,685","1:1,369",0.0007304601899196494,1.0,1.0,0.0
244,245,100%,Clement,"129,562","1:1,370",0.00072992700729927,1.0,1.0,0.0
245,246,71% ,Abu,"129,432","1:1,372",0.0007288629737609329,0.71,0.71,0.29000000000000004
246,247, 85%,Adeola,"129,289","1:1,373",0.0007283321194464676,0.85,0.85,0.15000000000000002
247,248,100%,Magaji,"128,901","1:1,378",0.000725689404934688,1.0,1.0,0.0
248,249,100%,Aishat,"128,797","1:1,379",0.0007251631617113851,1.0,1.0,0.0
249,250,100%,Safiya,"126,569","1:1,403",0.0007127583749109052,1.0,1.0,0.0
250,251,100%,Stanley,"126,515","1:1,404",0.0007122507122507123,1.0,1.0,0.0
251,252, 83%,Ebere,"126,063","1:1,409",0.0007097232079489,0.83,0.83,0.17000000000000004
252,253,78% ,Bassey,"125,382","1:1,416",0.0007062146892655367,0.78,0.78,0.21999999999999997
253,254,100%,Abosede,"124,458","1:1,427",0.000700770847932726,1.0,1.0,0.0
254,255,100%,Titilayo,"124,073","1:1,431",0.0006988120195667365,1.0,1.0,0.0
255,256,100%,Prince,"124,024","1:1,432",0.0006983240223463687,1.0,1.0,0.0
256,257,91% ,Uchechukwu,"123,956","1:1,432",0.0006983240223463687,0.91,0.91,0.08999999999999997
257,258,100%,Racheal,"123,954","1:1,433",0.0006978367062107466,1.0,1.0,0.0
258,259,100%,Philip,"123,252","1:1,441",0.0006939625260235947,1.0,1.0,0.0
259,260,100%,Vincent,"123,132","1:1,442",0.0006934812760055479,1.0,1.0,0.0
260,261,100%,Vivian,"122,934","1:1,444",0.0006925207756232687,1.0,1.0,0.0
261,262,97% ,Saminu,"121,663","1:1,459",0.0006854009595613434,0.97,0.97,0.030000000000000027
262,263,100%,Tukur,"121,288","1:1,464",0.0006830601092896175,1.0,1.0,0.0
263,264, 96%,Oluwatoyin,"120,717","1:1,471",0.0006798096532970768,0.96,0.96,0.040000000000000036
264,265,97% ,Chidi,"120,496","1:1,474",0.0006784260515603799,0.97,0.97,0.030000000000000027
265,266,100%,Jibrin,"120,403","1:1,475",0.0006779661016949153,1.0,1.0,0.0
266,267,100%,Evelyn,"120,223","1:1,477",0.0006770480704129993,1.0,1.0,0.0
267,268, 98%,Ogechi,"120,102","1:1,478",0.0006765899864682003,0.98,0.98,0.020000000000000018
268,269,89% ,Okon,"119,290","1:1,489",0.000671591672263264,0.89,0.89,0.10999999999999999
269,270, 96%,Chinenye,"119,223","1:1,489",0.000671591672263264,0.96,0.96,0.040000000000000036
270,271,99% ,Mohammad,"118,486","1:1,499",0.00066711140760507,0.99,0.99,0.010000000000000009
271,272,100%,Saratu,"118,297","1:1,501",0.0006662225183211193,1.0,1.0,0.0
272,273,100%,Azeez,"118,163","1:1,503",0.0006653359946773121,1.0,1.0,0.0
273,274, 95%,Chisom,"117,681","1:1,509",0.0006626905235255136,0.95,0.95,0.050000000000000044
274,275,100%,Jimoh,"117,381","1:1,513",0.0006609385327164573,1.0,1.0,0.0
275,276,100%,Bosede,"116,419","1:1,525",0.0006557377049180328,1.0,1.0,0.0
276,277,100%,Chukwuma,"115,892","1:1,532",0.0006527415143603133,1.0,1.0,0.0
277,278,100%,Martha,"114,979","1:1,544",0.0006476683937823834,1.0,1.0,0.0
278,279,100%,Funke,"114,907","1:1,545",0.0006472491909385113,1.0,1.0,0.0
279,280,100%,Beatrice,"114,797","1:1,547",0.0006464124111182935,1.0,1.0,0.0
280,281,100%,Abdulkadir,"114,546","1:1,550",0.0006451612903225806,1.0,1.0,0.0
281,282,100%,Inno,"114,298","1:1,554",0.0006435006435006435,1.0,1.0,0.0
282,283,100%,Ladi,"114,134","1:1,556",0.0006426735218508997,1.0,1.0,0.0
283,284,100%,Adewale,"113,572","1:1,563",0.0006397952655150352,1.0,1.0,0.0
284,285,100%,Richard,"113,451","1:1,565",0.0006389776357827476,1.0,1.0,0.0
285,286,100%,Abdulahi,"113,308","1:1,567",0.0006381620931716656,1.0,1.0,0.0
286,287,100%,Andrew,"113,271","1:1,568",0.0006377551020408163,1.0,1.0,0.0
287,288,100%,Kemi,"112,640","1:1,576",0.0006345177664974619,1.0,1.0,0.0
288,289,100%,Anas,"112,404","1:1,580",0.0006329113924050633,1.0,1.0,0.0
289,290,100%,Lydia,"112,350","1:1,580",0.0006329113924050633,1.0,1.0,0.0
290,291,65% ,Seun,"112,275","1:1,582",0.0006321112515802782,0.65,0.65,0.35
291,292, 65%,Tosin,"112,193","1:1,583",0.0006317119393556538,0.65,0.65,0.35
292,293, 60%,Tope,"112,125","1:1,584",0.0006313131313131314,0.6,0.6,0.4
293,294,75% ,Chigozie,"111,919","1:1,587",0.000630119722747322,0.75,0.75,0.25
294,295,100%,Anthonia,"111,819","1:1,588",0.0006297229219143577,1.0,1.0,0.0
295,296, 87%,Chidinma,"111,310","1:1,595",0.0006269592476489029,0.87,0.87,0.13
296,297,100%,Lawrence,"110,880","1:1,601",0.0006246096189881324,1.0,1.0,0.0
297,298,100%,Oluwakemi,"110,266","1:1,610",0.0006211180124223603,1.0,1.0,0.0
298,299,100%,Caroline,"110,212","1:1,611",0.0006207324643078833,1.0,1.0,0.0
299,300,99% ,Adebayo,"109,829","1:1,617",0.0006184291898577613,0.99,0.99,0.010000000000000009
300,301,100%,Fatai,"108,971","1:1,629",0.0006138735420503376,1.0,1.0,0.0
301,302, 52%,Promise,"108,173","1:1,641",0.0006093845216331506,0.52,0.52,0.48
302,303,100%,Julius,"107,882","1:1,646",0.0006075334143377885,1.0,1.0,0.0
303,304,100%,Matthew,"107,678","1:1,649",0.0006064281382656155,1.0,1.0,0.0
304,305,100%,Abraham,"107,497","1:1,652",0.0006053268765133172,1.0,1.0,0.0
305,306,100%,Jonathan,"106,896","1:1,661",0.0006020469596628537,1.0,1.0,0.0
306,307,100%,Kafayat,"106,506","1:1,667",0.0005998800239952009,1.0,1.0,0.0
307,308,100%,Alhassan,"106,238","1:1,671",0.0005984440454817474,1.0,1.0,0.0
308,309, 95%,Bola,"106,184","1:1,672",0.0005980861244019139,0.95,0.95,0.050000000000000044
309,310,100%,Olalekan,"104,645","1:1,697",0.0005892751915144372,1.0,1.0,0.0
310,311,100%,Adenike,"104,209","1:1,704",0.0005868544600938967,1.0,1.0,0.0
311,312,100%,Chukwuemeka,"104,157","1:1,705",0.0005865102639296188,1.0,1.0,0.0
312,313,100%,Monica,"104,148","1:1,705",0.0005865102639296188,1.0,1.0,0.0
313,314,100%,Sabiu,"103,990","1:1,708",0.000585480093676815,1.0,1.0,0.0
314,315,100%,Amarachi,"103,152","1:1,721",0.0005810575246949448,1.0,1.0,0.0
315,316,100%,Adijat,"102,990","1:1,724",0.000580046403712297,1.0,1.0,0.0
316,317,100%,Lucy,"102,581","1:1,731",0.0005777007510109763,1.0,1.0,0.0
317,318,100%,Paulina,"102,396","1:1,734",0.0005767012687427913,1.0,1.0,0.0
318,319,100%,Jamiu,"102,060","1:1,740",0.0005747126436781609,1.0,1.0,0.0
319,320,100%,Thomas,"101,641","1:1,747",0.0005724098454493417,1.0,1.0,0.0
320,321,100%,Modupe,"100,528","1:1,766",0.0005662514156285391,1.0,1.0,0.0
321,322,100%,Fati,"100,397","1:1,769",0.0005652911249293386,1.0,1.0,0.0
322,323,100%,Adekunle,"100,141","1:1,773",0.0005640157924421884,1.0,1.0,0.0
323,324,100%,Amaka,"100,095","1:1,774",0.0005636978579481398,1.0,1.0,0.0
324,325,100%,Nnamdi,"99,716","1:1,781",0.0005614823133071309,1.0,1.0,0.0
325,326,100%,Doris,"99,596","1:1,783",0.0005608524957936063,1.0,1.0,0.0
326,327,100%,Hannah,"99,535","1:1,784",0.0005605381165919282,1.0,1.0,0.0
327,328,100%,Sabo,"98,589","1:1,801",0.000555247084952804,1.0,1.0,0.0
328,329, 66%,Olayinka,"98,568","1:1,801",0.000555247084952804,0.66,0.66,0.33999999999999997
329,330,100%,Sunusi,"98,440","1:1,804",0.0005543237250554324,1.0,1.0,0.0
330,331,95% ,Lawali,"98,125","1:1,810",0.0005524861878453039,0.95,0.95,0.050000000000000044
331,332,99% ,Chijioke,"97,896","1:1,814",0.0005512679162072767,0.99,0.99,0.010000000000000009
332,333,67% ,Chinonso,"97,826","1:1,815",0.0005509641873278236,0.67,0.67,0.32999999999999996
333,334,100%,Bolanle,"97,825","1:1,815",0.0005509641873278236,1.0,1.0,0.0
334,335,81% ,Onyeka,"97,185","1:1,827",0.0005473453749315818,0.81,0.81,0.18999999999999995
335,336,100%,Tajudeen,"97,002","1:1,831",0.0005461496450027307,1.0,1.0,0.0
336,337,100%,Edith,"97,000","1:1,831",0.0005461496450027307,1.0,1.0,0.0
337,338,100%,Isiaka,"96,992","1:1,831",0.0005461496450027307,1.0,1.0,0.0
338,339,100%,Asmau,"96,822","1:1,834",0.0005452562704471102,1.0,1.0,0.0
339,340,100%,Abbas,"96,481","1:1,840",0.0005434782608695652,1.0,1.0,0.0
340,341,100%,Yusif,"96,103","1:1,848",0.0005411255411255411,1.0,1.0,0.0
341,342, 93%,Eno,"95,935","1:1,851",0.0005402485143165856,0.93,0.93,0.06999999999999995
342,343,100%,Festus,"95,692","1:1,856",0.0005387931034482759,1.0,1.0,0.0
343,344,100%,Lukman,"95,592","1:1,858",0.0005382131324004305,1.0,1.0,0.0
344,345,100%,Gladys,"95,350","1:1,862",0.0005370569280343716,1.0,1.0,0.0
345,346,100%,Nneka,"95,157","1:1,866",0.0005359056806002144,1.0,1.0,0.0
346,347, 66%,Abiola,"94,897","1:1,871",0.0005344735435595938,0.66,0.66,0.33999999999999997
347,348,100%,Yemisi,"94,706","1:1,875",0.0005333333333333334,1.0,1.0,0.0
348,349,97% ,Abdu,"94,700","1:1,875",0.0005333333333333334,0.97,0.97,0.030000000000000027
349,350, 73%,Damilola,"94,371","1:1,882",0.0005313496280552603,0.73,0.73,0.27
350,351,100%,Queen,"94,172","1:1,886",0.0005302226935312832,1.0,1.0,0.0
351,352,100%,Augustina,"94,012","1:1,889",0.0005293806246691371,1.0,1.0,0.0
352,353,100%,Modu,"93,189","1:1,905",0.0005249343832020997,1.0,1.0,0.0
353,354,100%,Desmond,"92,787","1:1,914",0.0005224660397074191,1.0,1.0,0.0
354,355,100%,Ahmadu,"92,703","1:1,915",0.0005221932114882506,1.0,1.0,0.0
355,356,100%,Ashiru,"92,329","1:1,923",0.0005200208008320333,1.0,1.0,0.0
356,357,100%,Bashiru,"91,880","1:1,933",0.0005173305742369374,1.0,1.0,0.0
357,358,88% ,Effiong,"91,701","1:1,936",0.0005165289256198347,0.88,0.88,0.12
358,359,100%,Margaret,"91,147","1:1,948",0.000513347022587269,1.0,1.0,0.0
359,360,90% ,Chima,"90,884","1:1,954",0.0005117707267144319,0.9,0.9,0.09999999999999998
360,361, 84%,Nana,"90,731","1:1,957",0.000510986203372509,0.84,0.84,0.16000000000000003
361,362,100%,Nurudeen,"90,481","1:1,962",0.0005096839959225281,1.0,1.0,0.0
362,363, 84%,Hope,"90,468","1:1,963",0.0005094243504839531,0.84,0.84,0.16000000000000003
363,364,100%,Yetunde,"90,335","1:1,966",0.000508646998982706,1.0,1.0,0.0
364,365,100%,Loveth,"90,233","1:1,968",0.0005081300813008131,1.0,1.0,0.0
365,366,100%,Ndubuisi,"90,176","1:1,969",0.0005078720162519045,1.0,1.0,0.0
366,367,89% ,Habu,"89,992","1:1,973",0.0005068423720223011,0.89,0.89,0.10999999999999999
367,368,100%,Bukar,"89,619","1:1,981",0.0005047955577990914,1.0,1.0,0.0
368,369,100%,Shaibu,"89,320","1:1,988",0.0005030181086519115,1.0,1.0,0.0
369,370,83% ,Onyebuchi,"89,318","1:1,988",0.0005030181086519115,0.83,0.83,0.17000000000000004
370,371,100%,Bridget,"89,277","1:1,989",0.0005027652086475615,1.0,1.0,0.0
371,372,100%,Rejoice,"88,935","1:1,997",0.000500751126690035,1.0,1.0,0.0
372,373,100%,Iliyasu,"88,853","1:1,998",0.0005005005005005005,1.0,1.0,0.0
373,374,100%,Saadatu,"88,844","1:1,999",0.0005002501250625312,1.0,1.0,0.0
374,375,100%,Saleh,"88,449","1:2,008",0.00049800796812749,1.0,1.0,0.0
375,376,100%,Tijjani,"87,784","1:2,023",0.0004943153732081067,1.0,1.0,0.0
376,377, 74%,Uduak,"87,734","1:2,024",0.0004940711462450593,0.74,0.74,0.26
377,378,100%,Inusa,"87,214","1:2,036",0.0004911591355599214,1.0,1.0,0.0
378,379,100%,Nnenna,"86,875","1:2,044",0.0004892367906066536,1.0,1.0,0.0
379,380,100%,Shamsu,"86,729","1:2,047",0.0004885197850512946,1.0,1.0,0.0
380,381,100%,Omolara,"86,696","1:2,048",0.00048828125,1.0,1.0,0.0
381,382,100%,Muazu,"86,247","1:2,059",0.00048567265662943174,1.0,1.0,0.0
382,383,100%,Muktar,"86,215","1:2,060",0.0004854368932038835,1.0,1.0,0.0
383,384,100%,Joel,"86,017","1:2,064",0.00048449612403100775,1.0,1.0,0.0
384,385,100%,Mustafa,"86,015","1:2,064",0.00048449612403100775,1.0,1.0,0.0
385,386,100%,Chibuike,"85,392","1:2,079",0.000481000481000481,1.0,1.0,0.0
386,387,100%,Mubarak,"85,314","1:2,081",0.0004805382027871216,1.0,1.0,0.0
387,388,100%,Nafiu,"85,158","1:2,085",0.00047961630695443646,1.0,1.0,0.0
388,389,100%,Confidence,"84,777","1:2,094",0.0004775549188156638,1.0,1.0,0.0
389,390,100%,George,"84,338","1:2,105",0.00047505938242280285,1.0,1.0,0.0
390,391,100%,Lateef,"84,012","1:2,114",0.0004730368968779565,1.0,1.0,0.0
391,392,100%,Rasheed,"83,947","1:2,115",0.00047281323877068556,1.0,1.0,0.0
392,393, 70%,Oluwatosin,"83,691","1:2,122",0.000471253534401508,0.7,0.7,0.30000000000000004
393,394,100%,Rashida,"83,664","1:2,122",0.000471253534401508,1.0,1.0,0.0
394,395,100%,Khadija,"83,230","1:2,133",0.00046882325363338024,1.0,1.0,0.0
395,396, 94%,Ada,"83,140","1:2,136",0.00046816479400749064,0.94,0.94,0.06000000000000005
396,397,80% ,Chidiebere,"83,053","1:2,138",0.0004677268475210477,0.8,0.8,0.19999999999999996
397,398,100%,Rachael,"82,994","1:2,139",0.0004675081813931744,1.0,1.0,0.0
398,399,100%,Rashidat,"82,993","1:2,140",0.00046728971962616824,1.0,1.0,0.0
399,400,100%,Augusta,"82,962","1:2,140",0.00046728971962616824,1.0,1.0,0.0
400,401,92% ,Edet,"82,867","1:2,143",0.0004666355576294914,0.92,0.92,0.07999999999999996
401,402,100%,Cynthia,"82,287","1:2,158",0.0004633920296570899,1.0,1.0,0.0
402,403,100%,Rakiya,"82,273","1:2,158",0.0004633920296570899,1.0,1.0,0.0
403,404,100%,Fatimo,"82,259","1:2,159",0.0004631773969430292,1.0,1.0,0.0
404,405,100%,Jennifer,"82,227","1:2,159",0.0004631773969430292,1.0,1.0,0.0
405,406,100%,Lilian,"82,105","1:2,163",0.0004623208506703652,1.0,1.0,0.0
406,407,100%,Jummai,"81,944","1:2,167",0.00046146746654360867,1.0,1.0,0.0
407,408,100%,Collins,"81,917","1:2,168",0.00046125461254612545,1.0,1.0,0.0
408,409,100%,Fidelis,"81,886","1:2,168",0.00046125461254612545,1.0,1.0,0.0
409,410,80% ,Ayodele,"81,881","1:2,169",0.0004610419548178884,0.8,0.8,0.19999999999999996
410,411,100%,Zubairu,"81,816","1:2,170",0.0004608294930875576,1.0,1.0,0.0
411,412,100%,Chinwe,"81,491","1:2,179",0.0004589261128958238,1.0,1.0,0.0
412,413,100%,Khadijat,"81,263","1:2,185",0.0004576659038901602,1.0,1.0,0.0
413,414,100%,Lami,"81,163","1:2,188",0.0004570383912248629,1.0,1.0,0.0
414,415,100%,Pius,"80,822","1:2,197",0.0004551661356395084,1.0,1.0,0.0
415,416,100%,Tina,"80,439","1:2,207",0.00045310376076121433,1.0,1.0,0.0
416,417,100%,Bilikisu,"80,357","1:2,210",0.00045248868778280545,1.0,1.0,0.0
417,418,100%,Onyinyechi,"80,163","1:2,215",0.0004514672686230248,1.0,1.0,0.0
418,419,79% ,Tochukwu,"80,109","1:2,217",0.0004510599909788002,0.79,0.79,0.20999999999999996
419,420, 97%,Bunmi,"79,892","1:2,223",0.000449842555105713,0.97,0.97,0.030000000000000027
420,421, 85%,Chizoba,"79,453","1:2,235",0.00044742729306487697,0.85,0.85,0.15000000000000002
421,422,100%,Naomi,"79,439","1:2,235",0.00044742729306487697,1.0,1.0,0.0
422,423,100%,Latifat,"79,373","1:2,237",0.0004470272686633885,1.0,1.0,0.0
423,424,100%,Kudirat,"79,225","1:2,241",0.0004462293618920125,1.0,1.0,0.0
424,425,99% ,Oluwafemi,"79,065","1:2,246",0.0004452359750667854,0.99,0.99,0.010000000000000009
425,426,100%,Rachel,"78,713","1:2,256",0.0004432624113475177,1.0,1.0,0.0
426,427,100%,Gana,"78,613","1:2,259",0.0004426737494466578,1.0,1.0,0.0
427,428,100%,Jane,"78,473","1:2,263",0.0004418912947414936,1.0,1.0,0.0
428,429,100%,Olawale,"78,086","1:2,274",0.00043975373790677223,1.0,1.0,0.0
429,430,100%,Isyaku,"78,020","1:2,276",0.0004393673110720562,1.0,1.0,0.0
430,431, 92%,Emem,"77,818","1:2,282",0.00043821209465381246,0.92,0.92,0.07999999999999996
431,432,100%,Tasiu,"77,518","1:2,291",0.00043649061545176777,1.0,1.0,0.0
432,433,62% ,Olusola,"77,512","1:2,291",0.00043649061545176777,0.62,0.62,0.38
433,434,100%,Iliya,"77,059","1:2,304",0.00043402777777777775,1.0,1.0,0.0
434,435,100%,Zakari,"76,808","1:2,312",0.00043252595155709344,1.0,1.0,0.0
435,436,100%,Olusegun,"76,713","1:2,315",0.00043196544276457883,1.0,1.0,0.0
436,437,100%,Elijah,"75,956","1:2,338",0.000427715996578272,1.0,1.0,0.0
437,438,100%,Nafisa,"75,819","1:2,342",0.0004269854824935952,1.0,1.0,0.0
438,439,100%,Kulu,"75,515","1:2,351",0.0004253509145044662,1.0,1.0,0.0
439,440,100%,Ademola,"75,464","1:2,353",0.00042498937526561835,1.0,1.0,0.0
440,441,100%,Kate,"75,308","1:2,358",0.00042408821034775233,1.0,1.0,0.0
441,442,100%,Talatu,"75,036","1:2,366",0.00042265426880811494,1.0,1.0,0.0
442,443,100%,Godson,"74,467","1:2,384",0.00041946308724832214,1.0,1.0,0.0
443,444,100%,Frank,"74,156","1:2,394",0.0004177109440267335,1.0,1.0,0.0
444,445,98% ,Buba,"74,100","1:2,396",0.00041736227045075126,0.98,0.98,0.020000000000000018
445,446,100%,Folashade,"73,597","1:2,413",0.0004144218814753419,1.0,1.0,0.0
446,447,100%,Monsurat,"73,588","1:2,413",0.0004144218814753419,1.0,1.0,0.0
447,448, 83%,Abimbola,"73,291","1:2,423",0.0004127115146512588,0.83,0.83,0.17000000000000004
448,449,100%,Afusat,"73,263","1:2,424",0.00041254125412541255,1.0,1.0,0.0
449,450,99% ,Idi,"73,166","1:2,427",0.00041203131437989287,0.99,0.99,0.010000000000000009
450,451,100%,Alex,"72,936","1:2,435",0.0004106776180698152,1.0,1.0,0.0
451,452,100%,Chukwudi,"72,888","1:2,436",0.00041050903119868636,1.0,1.0,0.0
452,453,100%,Linus,"72,631","1:2,445",0.00040899795501022495,1.0,1.0,0.0
453,454,100%,Ganiyat,"72,489","1:2,450",0.00040816326530612246,1.0,1.0,0.0
454,455,99% ,Mallam,"72,291","1:2,456",0.00040716612377850165,0.99,0.99,0.010000000000000009
455,456, 84%,Ogochukwu,"72,144","1:2,461",0.0004063388866314506,0.84,0.84,0.16000000000000003
456,457,100%,Abdulrahman,"71,698","1:2,477",0.0004037141703673799,1.0,1.0,0.0
457,458,100%,Shafiu,"71,656","1:2,478",0.0004035512510088781,1.0,1.0,0.0
458,459,100%,Mansur,"71,374","1:2,488",0.00040192926045016077,1.0,1.0,0.0
459,460,85% ,Ekene,"71,332","1:2,489",0.0004017677782241864,0.85,0.85,0.15000000000000002
460,461,100%,Ikenna,"70,493","1:2,519",0.0003969829297340214,1.0,1.0,0.0
461,462,100%,Constance,"70,477","1:2,519",0.0003969829297340214,1.0,1.0,0.0
462,463,99% ,Yahuza,"70,426","1:2,521",0.0003966679888932963,0.99,0.99,0.010000000000000009
463,464,100%,Suwaiba,"70,403","1:2,522",0.0003965107057890563,1.0,1.0,0.0
464,465,100%,Usaini,"70,309","1:2,525",0.00039603960396039607,1.0,1.0,0.0
465,466,100%,Bilkisu,"69,831","1:2,543",0.00039323633503735744,1.0,1.0,0.0
466,467,100%,Ganiyu,"69,507","1:2,555",0.0003913894324853229,1.0,1.0,0.0
467,468,100%,Fausat,"69,129","1:2,569",0.00038925652004671076,1.0,1.0,0.0
468,469,100%,Sylvester,"68,996","1:2,574",0.0003885003885003885,1.0,1.0,0.0
469,470,100%,Ubong,"68,730","1:2,584",0.0003869969040247678,1.0,1.0,0.0
470,471,100%,Rukayya,"68,365","1:2,597",0.0003850596842510589,1.0,1.0,0.0
471,472,100%,Linda,"68,192","1:2,604",0.00038402457757296467,1.0,1.0,0.0
472,473,100%,Ejike,"68,154","1:2,605",0.00038387715930902113,1.0,1.0,0.0
473,474,100%,Catherine,"68,001","1:2,611",0.00038299502106472615,1.0,1.0,0.0
474,475,100%,Folake,"67,923","1:2,614",0.00038255547054322876,1.0,1.0,0.0
475,476,54% ,Ime,"67,461","1:2,632",0.00037993920972644377,0.54,0.54,0.45999999999999996
476,477,100%,Charlse,"67,314","1:2,638",0.0003790750568612585,1.0,1.0,0.0
477,478,73% ,Ayo,"67,033","1:2,649",0.00037750094375235937,0.73,0.73,0.27
478,479,100%,Jibril,"66,958","1:2,652",0.0003770739064856712,1.0,1.0,0.0
479,480,100%,Gideon,"66,898","1:2,654",0.00037678975131876413,1.0,1.0,0.0
480,481,99% ,Saadu,"66,687","1:2,663",0.0003755163349605708,0.99,0.99,0.010000000000000009
481,482,97% ,Mohammadu,"66,674","1:2,663",0.0003755163349605708,0.97,0.97,0.030000000000000027
482,483,98% ,Wisdom,"66,572","1:2,667",0.0003749531308586427,0.98,0.98,0.020000000000000018
483,484,100%,Folasade,"66,313","1:2,678",0.0003734129947722181,1.0,1.0,0.0
484,485,90% ,Chimezie,"66,306","1:2,678",0.0003734129947722181,0.9,0.9,0.09999999999999998
485,486,100%,Jeremiah,"66,217","1:2,682",0.0003728560775540641,1.0,1.0,0.0
486,487,100%,Kelvin,"66,171","1:2,683",0.0003727171077152441,1.0,1.0,0.0
487,488,100%,Anna,"65,936","1:2,693",0.0003713330857779428,1.0,1.0,0.0
488,489,100%,Aliu,"65,885","1:2,695",0.00037105751391465676,1.0,1.0,0.0
489,490,100%,Inuwa,"65,757","1:2,700",0.00037037037037037035,1.0,1.0,0.0
490,491, 92%,Olabisi,"65,426","1:2,714",0.00036845983787767134,0.92,0.92,0.07999999999999996
491,492,92% ,Etim,"65,370","1:2,716",0.0003681885125184094,0.92,0.92,0.07999999999999996
492,493, 63%,Endurance,"65,304","1:2,719",0.0003677822728944465,0.63,0.63,0.37
493,494,100%,Beauty,"65,220","1:2,723",0.0003672420124862284,1.0,1.0,0.0
494,495,100%,Abdulkarim,"65,117","1:2,727",0.0003667033370003667,1.0,1.0,0.0
495,496,100%,Balkisu,"65,103","1:2,727",0.0003667033370003667,1.0,1.0,0.0
496,497,58% ,Sola,"64,860","1:2,738",0.0003652300949598247,0.58,0.58,0.42000000000000004
497,498,100%,Basirat,"64,773","1:2,741",0.00036483035388544326,1.0,1.0,0.0
498,499, 68%,Mfon,"64,745","1:2,743",0.0003645643456069996,0.68,0.68,0.31999999999999995
499,500,100%,Kolawole,"64,463","1:2,755",0.0003629764065335753,1.0,1.0,0.0
500,501,100%,Ebuka,"64,193","1:2,766",0.00036153289949385393,1.0,1.0,0.0
501,502,100%,Boniface,"64,046","1:2,772",0.00036075036075036075,1.0,1.0,0.0
502,503,100%,Surajo,"63,970","1:2,776",0.00036023054755043225,1.0,1.0,0.0
503,504,100%,Afeez,"63,647","1:2,790",0.00035842293906810036,1.0,1.0,0.0
504,505,100%,Morgan,"63,611","1:2,791",0.00035829451809387314,1.0,1.0,0.0
505,506,100%,Tawa,"63,417","1:2,800",0.00035714285714285714,1.0,1.0,0.0
506,507,100%,Noble,"63,412","1:2,800",0.00035714285714285714,1.0,1.0,0.0
507,508,100%,Badamasi,"63,287","1:2,806",0.0003563791874554526,1.0,1.0,0.0
508,509,100%,Hammed,"63,228","1:2,808",0.00035612535612535614,1.0,1.0,0.0
509,510,100%,Sikiru,"63,002","1:2,818",0.00035486160397445,1.0,1.0,0.0
510,511,100%,Chibueze,"62,866","1:2,824",0.0003541076487252125,1.0,1.0,0.0
511,512,100%,Maureen,"62,718","1:2,831",0.00035323207347227127,1.0,1.0,0.0
512,513,71% ,Chibuzor,"62,621","1:2,836",0.0003526093088857546,0.71,0.71,0.29000000000000004
513,514,100%,Dupe,"62,506","1:2,841",0.00035198873636043646,1.0,1.0,0.0
514,515,87% ,Adeyemi,"62,474","1:2,842",0.0003518648838845883,0.87,0.87,0.13
515,516,100%,Abel,"62,424","1:2,844",0.00035161744022503517,1.0,1.0,0.0
516,517,97% ,Ayodeji,"62,131","1:2,858",0.0003498950314905528,0.97,0.97,0.030000000000000027
517,518,100%,Macdonald,"61,985","1:2,865",0.00034904013961605586,1.0,1.0,0.0
518,519,100%,Cosmos,"61,977","1:2,865",0.00034904013961605586,1.0,1.0,0.0
519,520,95% ,Eze,"61,716","1:2,877",0.0003475842891901286,0.95,0.95,0.050000000000000044
520,521, 99%,Onyinye,"61,626","1:2,881",0.0003471017007983339,0.99,0.99,0.010000000000000009
521,522,85% ,Mamman,"61,359","1:2,894",0.0003455425017277125,0.85,0.85,0.15000000000000002
522,523,100%,Mark,"61,192","1:2,902",0.00034458993797381116,1.0,1.0,0.0
523,524,100%,Nafisat,"61,023","1:2,910",0.0003436426116838488,1.0,1.0,0.0
524,525,100%,Bashar,"60,962","1:2,913",0.00034328870580157915,1.0,1.0,0.0
525,526,100%,Nasir,"60,715","1:2,925",0.0003418803418803419,1.0,1.0,0.0
526,527,100%,Sandra,"60,683","1:2,926",0.0003417634996582365,1.0,1.0,0.0
527,528,100%,Onyewuchi,"60,621","1:2,929",0.0003414134516899966,1.0,1.0,0.0
528,529,100%,Sadi,"60,398","1:2,940",0.0003401360544217687,1.0,1.0,0.0
529,530,100%,Hafsatu,"60,311","1:2,944",0.00033967391304347825,1.0,1.0,0.0
530,531,100%,Georgewill,"60,252","1:2,947",0.00033932813030200206,1.0,1.0,0.0
531,532,100%,Bitrus,"60,238","1:2,948",0.00033921302578018993,1.0,1.0,0.0
532,533, 68%,Yemi,"60,190","1:2,950",0.00033898305084745765,0.68,0.68,0.31999999999999995
533,534,100%,Ogbonda,"60,155","1:2,952",0.00033875338753387534,1.0,1.0,0.0
534,535,100%,Hawau,"60,076","1:2,956",0.00033829499323410016,1.0,1.0,0.0
535,536,100%,Raphael,"60,000","1:2,959",0.0003379520108144643,1.0,1.0,0.0
536,537,100%,Njobuanwu,"59,974","1:2,961",0.00033772374197906115,1.0,1.0,0.0
537,538,100%,Azunwena,"59,967","1:2,961",0.00033772374197906115,1.0,1.0,0.0
538,539,100%,Iheoma,"59,912","1:2,964",0.00033738191632928474,1.0,1.0,0.0
539,540,100%,Danlami,"59,903","1:2,964",0.00033738191632928474,1.0,1.0,0.0
540,541,100%,Fatsuma,"59,899","1:2,964",0.00033738191632928474,1.0,1.0,0.0
541,542,100%,Olufemi,"59,850","1:2,967",0.0003370407819346141,1.0,1.0,0.0
542,543,100%,Adeniyi,"59,699","1:2,974",0.0003362474781439139,1.0,1.0,0.0
543,544,100%,Rhoda,"59,626","1:2,978",0.000335795836131632,1.0,1.0,0.0
544,545,100%,Tanimu,"59,429","1:2,988",0.00033467202141900936,1.0,1.0,0.0
545,546,100%,Dorathy,"59,400","1:2,989",0.00033456005352960856,1.0,1.0,0.0
546,547, 98%,Aina,"59,390","1:2,990",0.00033444816053511704,0.98,0.98,0.020000000000000018
547,548,100%,Chiamaka,"58,916","1:3,014",0.00033178500331785003,1.0,1.0,0.0
548,549,100%,Mabel,"58,824","1:3,019",0.0003312355084465055,1.0,1.0,0.0
549,550, 88%,Olubunmi,"58,803","1:3,020",0.00033112582781456954,0.88,0.88,0.12
550,551,100%,Eucharia,"58,794","1:3,020",0.00033112582781456954,1.0,1.0,0.0
551,552,100%,Judith,"58,740","1:3,023",0.0003307972213033411,1.0,1.0,0.0
552,553,100%,Risikat,"58,720","1:3,024",0.00033068783068783067,1.0,1.0,0.0
553,554,100%,Titus,"58,712","1:3,024",0.00033068783068783067,1.0,1.0,0.0
554,555,100%,Asabe,"58,607","1:3,030",0.00033003300330033004,1.0,1.0,0.0
555,556,100%,Omolola,"58,487","1:3,036",0.00032938076416337287,1.0,1.0,0.0
556,557,100%,Waheed,"58,408","1:3,040",0.0003289473684210526,1.0,1.0,0.0
557,558, 63%,Alaba,"58,349","1:3,043",0.00032862306933946765,0.63,0.63,0.37
558,559,100%,Cletus,"57,683","1:3,078",0.0003248862897985705,1.0,1.0,0.0
559,560,100%,Dennis,"57,629","1:3,081",0.0003245699448231094,1.0,1.0,0.0
560,561,100%,Sagir,"57,615","1:3,082",0.0003244646333549643,1.0,1.0,0.0
561,562,100%,Magret,"57,566","1:3,085",0.00032414910858995135,1.0,1.0,0.0
562,563,98% ,Thankgod,"57,541","1:3,086",0.0003240440699935191,0.98,0.98,0.020000000000000018
563,564,100%,Tanko,"57,314","1:3,098",0.00032278889606197545,1.0,1.0,0.0
564,565,100%,Ernest,"57,211","1:3,104",0.00032216494845360824,1.0,1.0,0.0
565,566,100%,Edwin,"57,191","1:3,105",0.00032206119162640903,1.0,1.0,0.0
566,567,100%,Martina,"57,104","1:3,109",0.000321646831778707,1.0,1.0,0.0
567,568,100%,Fatimoh,"56,760","1:3,128",0.00031969309462915604,1.0,1.0,0.0
568,569,100%,Sherifat,"56,695","1:3,132",0.00031928480204342275,1.0,1.0,0.0
569,570,100%,Simeon,"56,646","1:3,135",0.0003189792663476874,1.0,1.0,0.0
570,571,100%,Dominic,"56,624","1:3,136",0.00031887755102040814,1.0,1.0,0.0
571,572,100%,Isaiah,"56,564","1:3,139",0.00031857279388340236,1.0,1.0,0.0
572,573,100%,Abayomi,"56,514","1:3,142",0.00031826861871419476,1.0,1.0,0.0
573,574,60% ,Oluwaseyi,"56,177","1:3,161",0.00031635558367605187,0.6,0.6,0.4
574,575,81% ,Sada,"56,044","1:3,168",0.0003156565656565657,0.81,0.81,0.18999999999999995
575,576,100%,Kelachi,"56,003","1:3,171",0.000315357931251971,1.0,1.0,0.0
576,577,52% ,Uzoma,"55,921","1:3,175",0.00031496062992125983,0.52,0.52,0.48
577,578,100%,Chizorum,"55,899","1:3,177",0.0003147623544224111,1.0,1.0,0.0
578,579,75% ,Bamidele,"55,191","1:3,217",0.00031084861672365556,0.75,0.75,0.25
579,580,100%,Taofeek,"55,131","1:3,221",0.0003104625892579944,1.0,1.0,0.0
580,581,100%,Bulus,"55,069","1:3,224",0.00031017369727047146,1.0,1.0,0.0
581,582, 71%,Tolulope,"55,056","1:3,225",0.000310077519379845,0.71,0.71,0.29000000000000004
582,583,62% ,Udeme,"54,798","1:3,240",0.00030864197530864197,0.62,0.62,0.38
583,584,100%,Funmilola,"54,289","1:3,271",0.0003057169061449098,1.0,1.0,0.0
584,585,86% ,Ummaru,"54,046","1:3,285",0.00030441400304414006,0.86,0.86,0.14
585,586,100%,Safiyanu,"53,889","1:3,295",0.00030349013657056146,1.0,1.0,0.0
586,587,100%,Modinat,"53,721","1:3,305",0.000302571860816944,1.0,1.0,0.0
587,588,100%,Ugochi,"53,609","1:3,312",0.00030193236714975844,1.0,1.0,0.0
588,589,97% ,Bawa,"53,518","1:3,318",0.0003013863773357444,0.97,0.97,0.030000000000000027
589,590,74% ,Goodluck,"53,466","1:3,321",0.00030111412225233364,0.74,0.74,0.26
590,591,100%,Nike,"53,394","1:3,326",0.0003006614552014432,1.0,1.0,0.0
591,592,100%,Abdulaziz,"53,361","1:3,328",0.00030048076923076925,1.0,1.0,0.0
592,593,100%,Muritala,"53,231","1:3,336",0.00029976019184652276,1.0,1.0,0.0
593,594, 62%,Omotayo,"52,952","1:3,353",0.00029824038174768865,0.62,0.62,0.38
594,595,100%,Francisca,"52,891","1:3,357",0.0002978850163836759,1.0,1.0,0.0
595,596,91% ,Olanrewaju,"52,746","1:3,366",0.00029708853238265005,0.91,0.91,0.08999999999999997
596,597,100%,Faruk,"52,705","1:3,369",0.00029682398337785694,1.0,1.0,0.0
597,598,100%,Jumoke,"52,699","1:3,369",0.00029682398337785694,1.0,1.0,0.0
598,599, 69%,Happy,"52,586","1:3,377",0.0002961208172934557,0.69,0.69,0.31000000000000005
599,600,97% ,Malam,"52,538","1:3,380",0.0002958579881656805,0.97,0.97,0.030000000000000027
600,601, 95%,Ndidi,"52,524","1:3,381",0.0002957704821058858,0.95,0.95,0.050000000000000044
601,602,100%,Oliver,"52,490","1:3,383",0.0002955956251847473,1.0,1.0,0.0
602,603,100%,Martins,"52,305","1:3,395",0.0002945508100147275,1.0,1.0,0.0
603,604,100%,Ann,"52,127","1:3,406",0.0002935995302407516,1.0,1.0,0.0
604,605, 69%,Olayemi,"52,068","1:3,410",0.0002932551319648094,0.69,0.69,0.31000000000000005
605,606,100%,Abdulhamid,"51,732","1:3,432",0.0002913752913752914,1.0,1.0,0.0
606,607, 62%,Taye,"51,520","1:3,447",0.0002901073397156948,0.62,0.62,0.38
607,608,100%,Zara,"51,485","1:3,449",0.00028993911278631486,1.0,1.0,0.0
608,609,99% ,Olumide,"51,426","1:3,453",0.0002896032435563278,0.99,0.99,0.010000000000000009
609,610,100%,Haladu,"51,294","1:3,462",0.00028885037550548814,1.0,1.0,0.0
610,611,100%,Farida,"51,247","1:3,465",0.0002886002886002886,1.0,1.0,0.0
611,612,100%,Nelson,"51,188","1:3,469",0.0002882675122513693,1.0,1.0,0.0
612,613,100%,Ronke,"51,067","1:3,477",0.0002876042565429968,1.0,1.0,0.0
613,614,51% ,Bolaji,"50,970","1:3,484",0.0002870264064293915,0.51,0.51,0.49
614,615,54% ,Shola,"50,889","1:3,489",0.00028661507595299513,0.54,0.54,0.45999999999999996
615,616,100%,Sakirat,"50,769","1:3,497",0.00028595939376608524,1.0,1.0,0.0
616,617,100%,Margret,"50,719","1:3,501",0.00028563267637817766,1.0,1.0,0.0
617,618,100%,Tijani,"50,714","1:3,501",0.00028563267637817766,1.0,1.0,0.0
618,619, 61%,Olamide,"50,653","1:3,506",0.0002852253280091272,0.61,0.61,0.39
619,620,100%,Love,"50,595","1:3,510",0.0002849002849002849,1.0,1.0,0.0
620,621, 99%,Umma,"50,467","1:3,518",0.0002842524161455372,0.99,0.99,0.010000000000000009
621,622,100%,Luka,"50,398","1:3,523",0.0002838489923360772,1.0,1.0,0.0
622,623,66% ,Chibuzo,"50,387","1:3,524",0.00028376844494892167,0.66,0.66,0.33999999999999997
623,624,98% ,Celestine,"50,302","1:3,530",0.00028328611898016995,0.98,0.98,0.020000000000000018
624,625,99% ,Hashimu,"50,204","1:3,537",0.0002827254735651682,0.99,0.99,0.010000000000000009
625,626,100%,Mamuda,"50,113","1:3,543",0.0002822466836014677,1.0,1.0,0.0
626,627,100%,Hannatu,"50,007","1:3,551",0.000281610813855252,1.0,1.0,0.0
627,628,100%,Mike,"49,827","1:3,564",0.0002805836139169473,1.0,1.0,0.0
628,629,100%,Muntari,"49,760","1:3,568",0.0002802690582959641,1.0,1.0,0.0
629,630, 70%,Odunayo,"49,679","1:3,574",0.0002797985450475658,0.7,0.7,0.30000000000000004
630,631, 80%,Busayo,"49,645","1:3,577",0.0002795638803466592,0.8,0.8,0.19999999999999996
631,632,100%,Abdulrahaman,"49,617","1:3,579",0.0002794076557697681,1.0,1.0,0.0
632,633,100%,Rukaiya,"49,593","1:3,580",0.00027932960893854746,1.0,1.0,0.0
633,634,100%,Susan,"49,413","1:3,593",0.00027831895352073476,1.0,1.0,0.0
634,635,100%,Rafiu,"49,386","1:3,595",0.0002781641168289291,1.0,1.0,0.0
635,636,100%,Philomina,"49,375","1:3,596",0.00027808676307007786,1.0,1.0,0.0
636,637,99% ,Ummar,"49,363","1:3,597",0.00027800945232137893,0.99,0.99,0.010000000000000009
637,638,99% ,Halilu,"49,269","1:3,604",0.0002774694783573807,0.99,0.99,0.010000000000000009
638,639,100%,Hindatu,"49,117","1:3,615",0.00027662517289073305,1.0,1.0,0.0
639,640,100%,Arit,"48,845","1:3,635",0.0002751031636863824,1.0,1.0,0.0
640,641,100%,Ishaku,"48,783","1:3,640",0.0002747252747252747,1.0,1.0,0.0
641,642,100%,Halimat,"48,696","1:3,646",0.00027427317608337906,1.0,1.0,0.0
642,643,100%,Nancy,"48,562","1:3,656",0.0002735229759299781,1.0,1.0,0.0
643,644,100%,Affiong,"48,469","1:3,663",0.000273000273000273,1.0,1.0,0.0
644,645,100%,Naziru,"48,462","1:3,664",0.0002729257641921397,1.0,1.0,0.0
645,646,100%,Sodiq,"48,457","1:3,664",0.0002729257641921397,1.0,1.0,0.0
646,647,100%,Serah,"48,438","1:3,666",0.00027277686852154935,1.0,1.0,0.0
647,648,100%,Serifat,"48,430","1:3,666",0.00027277686852154935,1.0,1.0,0.0
648,649,100%,Tony,"48,428","1:3,667",0.0002727024815925825,1.0,1.0,0.0
649,650,100%,Abdulazeez,"48,423","1:3,667",0.0002727024815925825,1.0,1.0,0.0
650,651,100%,Jerry,"48,312","1:3,675",0.00027210884353741496,1.0,1.0,0.0
651,652,100%,Rufai,"48,234","1:3,681",0.00027166530834012495,1.0,1.0,0.0
652,653,100%,Zuwaira,"48,229","1:3,682",0.00027159152634437803,1.0,1.0,0.0
653,654,100%,Dare,"48,225","1:3,682",0.00027159152634437803,1.0,1.0,0.0
654,655,100%,Oluwasegun,"48,206","1:3,683",0.00027151778441487917,1.0,1.0,0.0
655,656,100%,Mansir,"48,010","1:3,698",0.00027041644131963225,1.0,1.0,0.0
656,657,100%,Mojisola,"47,840","1:3,712",0.00026939655172413793,1.0,1.0,0.0
657,658,100%,Israel,"47,829","1:3,712",0.00026939655172413793,1.0,1.0,0.0
658,659,100%,Donatus,"47,773","1:3,717",0.0002690341673392521,1.0,1.0,0.0
659,660, 58%,Sa,"47,650","1:3,726",0.00026838432635534085,0.58,0.58,0.42000000000000004
660,661,100%,Ramota,"47,511","1:3,737",0.0002675943270002676,1.0,1.0,0.0
661,662, 99%,Ummi,"47,485","1:3,739",0.0002674511901577962,0.99,0.99,0.010000000000000009
662,663,100%,Ekaette,"47,339","1:3,751",0.00026659557451346307,1.0,1.0,0.0
663,664,98% ,Ogbonna,"47,273","1:3,756",0.00026624068157614486,0.98,0.98,0.020000000000000018
664,665,88% ,Udo,"47,271","1:3,756",0.00026624068157614486,0.88,0.88,0.12
665,666,100%,Abdulmalik,"47,223","1:3,760",0.00026595744680851064,1.0,1.0,0.0
666,667,100%,Kasimu,"47,091","1:3,771",0.00026518164942985947,1.0,1.0,0.0
667,668,100%,Hellen,"47,042","1:3,775",0.00026490066225165563,1.0,1.0,0.0
668,669,100%,Balarabe,"47,020","1:3,776",0.00026483050847457627,1.0,1.0,0.0
669,670,100%,Saliu,"46,965","1:3,781",0.0002644802962179318,1.0,1.0,0.0
670,671,100%,Ifeyinwa,"46,940","1:3,783",0.0002643404705260375,1.0,1.0,0.0
671,672,98% ,Rotimi,"46,817","1:3,793",0.0002636435539151068,0.98,0.98,0.020000000000000018
672,673,95% ,Sahabi,"46,738","1:3,799",0.00026322716504343247,0.95,0.95,0.050000000000000044
673,674, 62%,Yinka,"46,685","1:3,803",0.00026295030239284776,0.62,0.62,0.38
674,675,100%,Zainabu,"46,415","1:3,826",0.00026136957658128593,1.0,1.0,0.0
675,676, 97%,Goodness,"46,387","1:3,828",0.00026123301985370953,0.97,0.97,0.030000000000000027
676,677,100%,Hussaina,"45,833","1:3,874",0.0002581311306143521,1.0,1.0,0.0
677,678,100%,Edward,"45,830","1:3,874",0.0002581311306143521,1.0,1.0,0.0
678,679,100%,Sunny,"45,737","1:3,882",0.00025759917568263783,1.0,1.0,0.0
679,680,100%,Ishaq,"45,726","1:3,883",0.0002575328354365182,1.0,1.0,0.0
680,681,100%,Ebenezer,"45,709","1:3,885",0.0002574002574002574,1.0,1.0,0.0
681,682,100%,Omowumi,"45,668","1:3,888",0.000257201646090535,1.0,1.0,0.0
682,683,100%,Williams,"45,664","1:3,888",0.000257201646090535,1.0,1.0,0.0
683,684,100%,Aminatu,"45,498","1:3,903",0.00025621316935690495,1.0,1.0,0.0
684,685,100%,Mahmud,"45,433","1:3,908",0.00025588536335721597,1.0,1.0,0.0
685,686,100%,Mujidat,"45,384","1:3,912",0.0002556237218813906,1.0,1.0,0.0
686,687,100%,Mutiu,"45,328","1:3,917",0.0002552974214960429,1.0,1.0,0.0
687,688,100%,Motunrayo,"45,291","1:3,921",0.0002550369803621525,1.0,1.0,0.0
688,689,89% ,Chukwu,"45,242","1:3,925",0.00025477707006369424,0.89,0.89,0.10999999999999999
689,690,89% ,Akpan,"45,058","1:3,941",0.0002537427048972342,0.89,0.89,0.10999999999999999
690,691, 64%,Idongesit,"45,006","1:3,945",0.00025348542458808617,0.64,0.64,0.36
691,692,100%,Mariya,"44,923","1:3,953",0.00025297242600556537,1.0,1.0,0.0
692,693,100%,Babagana,"44,880","1:3,956",0.0002527805864509606,1.0,1.0,0.0
693,694,76% ,Ola,"44,788","1:3,965",0.00025220680958385876,0.76,0.76,0.24
694,695,95% ,Mai,"44,728","1:3,970",0.00025188916876574307,0.95,0.95,0.050000000000000044
695,696,70% ,Nil,"44,721","1:3,970",0.00025188916876574307,0.7,0.7,0.30000000000000004
696,697,100%,Labaran,"44,546","1:3,986",0.0002508780732563974,1.0,1.0,0.0
697,698,99% ,Jonah,"44,532","1:3,987",0.00025081514923501377,0.99,0.99,0.010000000000000009
698,699,100%,Musbahu,"44,473","1:3,993",0.00025043826696719256,1.0,1.0,0.0
699,700,100%,Alfred,"44,472","1:3,993",0.00025043826696719256,1.0,1.0,0.0
700,701,71% ,Mayowa,"44,449","1:3,995",0.00025031289111389235,0.71,0.71,0.29000000000000004
701,702,88% ,Kalu,"44,337","1:4,005",0.00024968789013732833,0.88,0.88,0.12
702,703,85% ,Dele,"44,316","1:4,007",0.0002495632642874969,0.85,0.85,0.15000000000000002
703,704,100%,Isreal,"44,271","1:4,011",0.0002493143854400399,1.0,1.0,0.0
704,705,100%,Abdulsalam,"44,217","1:4,016",0.000249003984063745,1.0,1.0,0.0
705,706,100%,Omowunmi,"44,038","1:4,032",0.000248015873015873,1.0,1.0,0.0
706,707,78% ,Dada,"43,938","1:4,041",0.00024746349913387774,0.78,0.78,0.21999999999999997
707,708,100%,Raymond,"43,870","1:4,048",0.00024703557312252963,1.0,1.0,0.0
708,709,100%,Mukhtar,"43,864","1:4,048",0.00024703557312252963,1.0,1.0,0.0
709,710,100%,Wada,"43,760","1:4,058",0.0002464268112370626,1.0,1.0,0.0
710,711,100%,Jumai,"43,426","1:4,089",0.00024455857177794083,1.0,1.0,0.0
711,712,65% ,Seyi,"43,387","1:4,093",0.0002443195699975568,0.65,0.65,0.35
712,713,91% ,Anayo,"43,325","1:4,098",0.0002440214738897023,0.91,0.91,0.08999999999999997
713,714,100%,Chukwuebuka,"43,269","1:4,104",0.00024366471734892786,1.0,1.0,0.0
714,715,100%,Ishaya,"43,239","1:4,107",0.00024348672997321646,1.0,1.0,0.0
715,716,100%,Luba,"43,080","1:4,122",0.00024260067928190198,1.0,1.0,0.0
716,717,100%,Sanni,"43,051","1:4,125",0.00024242424242424242,1.0,1.0,0.0
717,718,100%,Sulaimon,"42,979","1:4,131",0.0002420721374969741,1.0,1.0,0.0
718,719,100%,Tabitha,"42,913","1:4,138",0.0002416626389560174,1.0,1.0,0.0
719,720, 74%,Olaide,"42,876","1:4,141",0.0002414875633904854,0.74,0.74,0.26
720,721,98% ,Bako,"42,805","1:4,148",0.00024108003857280618,0.98,0.98,0.020000000000000018
721,722,78% ,Anietie,"42,475","1:4,180",0.00023923444976076556,0.78,0.78,0.21999999999999997
722,723,100%,Izuchukwu,"42,474","1:4,181",0.00023917723032767282,1.0,1.0,0.0
723,724,100%,Laraba,"42,473","1:4,181",0.00023917723032767282,1.0,1.0,0.0
724,725,100%,Goni,"42,392","1:4,189",0.00023872045834328001,1.0,1.0,0.0
725,726,100%,Joyce,"42,287","1:4,199",0.00023815194093831864,1.0,1.0,0.0
726,727,100%,Tawakalitu,"42,241","1:4,204",0.0002378686964795433,1.0,1.0,0.0
727,728, 99%,Falmata,"42,194","1:4,208",0.0002376425855513308,0.99,0.99,0.010000000000000009
728,729,100%,Agatha,"42,193","1:4,208",0.0002376425855513308,1.0,1.0,0.0
729,730,100%,Fadimatu,"42,170","1:4,211",0.00023747328425552126,1.0,1.0,0.0
730,731,100%,Moshood,"42,055","1:4,222",0.00023685457129322596,1.0,1.0,0.0
731,732,100%,Chinelo,"41,936","1:4,234",0.00023618327822390176,1.0,1.0,0.0
732,733,82% ,Benedict,"41,920","1:4,236",0.00023607176581680832,0.82,0.82,0.18000000000000005
733,734,55% ,Tayo,"41,846","1:4,243",0.00023568230025925054,0.55,0.55,0.44999999999999996
734,735,100%,Franca,"41,738","1:4,254",0.00023507287259050304,1.0,1.0,0.0
735,736,100%,Christianah,"41,656","1:4,263",0.0002345765892563922,1.0,1.0,0.0
736,737,95% ,Alh,"41,606","1:4,268",0.00023430178069353328,0.95,0.95,0.050000000000000044
737,738,74% ,Dayo,"41,525","1:4,276",0.00023386342376052386,0.74,0.74,0.26
738,739,73% ,Adedayo,"41,424","1:4,287",0.00023326335432703523,0.73,0.73,0.27
739,740,99% ,Nonso,"41,281","1:4,301",0.00023250406882120437,0.99,0.99,0.010000000000000009
740,741,100%,Eric,"41,196","1:4,310",0.0002320185614849188,1.0,1.0,0.0
741,742, 98%,Chinasa,"41,078","1:4,323",0.0002313208420078649,0.98,0.98,0.020000000000000018
742,743,100%,Rabiatu,"40,768","1:4,355",0.0002296211251435132,1.0,1.0,0.0
743,744,99% ,Manu,"40,645","1:4,369",0.00022888532845044633,0.99,0.99,0.010000000000000009
744,745,100%,Nazifi,"40,530","1:4,381",0.00022825838849577722,1.0,1.0,0.0
745,746,100%,Rasheedat,"40,284","1:4,408",0.00022686025408348456,1.0,1.0,0.0
746,747,100%,Arinze,"40,255","1:4,411",0.00022670596236681024,1.0,1.0,0.0
747,748,100%,Kafilat,"40,109","1:4,427",0.00022588660492432798,1.0,1.0,0.0
748,749,100%,Fatimah,"39,998","1:4,439",0.00022527596305474206,1.0,1.0,0.0
749,750,100%,Godspower,"39,904","1:4,450",0.00022471910112359551,1.0,1.0,0.0
750,751,60% ,Ayobami,"39,872","1:4,453",0.00022456770716370987,0.6,0.6,0.4
751,752,100%,Salome,"39,861","1:4,455",0.0002244668911335578,1.0,1.0,0.0
752,753,100%,Morufat,"39,700","1:4,473",0.000223563603845294,1.0,1.0,0.0
753,754,80% ,Ya,"39,585","1:4,486",0.00022291573785109228,0.8,0.8,0.19999999999999996
754,755,100%,Oluwole,"39,584","1:4,486",0.00022291573785109228,1.0,1.0,0.0
755,756,99% ,Ben,"39,545","1:4,490",0.00022271714922048998,0.99,0.99,0.010000000000000009
756,757,100%,Idayat,"39,413","1:4,505",0.00022197558268590456,1.0,1.0,0.0
757,758,100%,Ukamaka,"39,362","1:4,511",0.00022168033695411216,1.0,1.0,0.0
758,759,100%,Nicholas,"39,323","1:4,516",0.00022143489813994686,1.0,1.0,0.0
759,760,100%,Imaobong,"39,298","1:4,518",0.0002213368747233289,1.0,1.0,0.0
760,761, 71%,Abidemi,"39,233","1:4,526",0.0002209456473707468,0.71,0.71,0.29000000000000004
761,762,100%,Shakirat,"39,132","1:4,538",0.00022036139268400177,1.0,1.0,0.0
762,763,80% ,Emma,"39,107","1:4,540",0.00022026431718061675,0.8,0.8,0.19999999999999996
763,764, 67%,Itoro,"39,093","1:4,542",0.00022016732716864817,0.67,0.67,0.32999999999999996
764,765,100%,Sekinat,"39,061","1:4,546",0.0002199736031676199,1.0,1.0,0.0
765,766,100%,Jafar,"38,968","1:4,557",0.00021944261575597982,1.0,1.0,0.0
766,767,100%,Mulikat,"38,825","1:4,573",0.00021867483052700635,1.0,1.0,0.0
767,768,100%,Benson,"38,804","1:4,576",0.00021853146853146853,1.0,1.0,0.0
768,769,100%,Kunle,"38,738","1:4,584",0.0002181500872600349,1.0,1.0,0.0
769,770,62% ,Oke,"38,695","1:4,589",0.00021791239921551536,0.62,0.62,0.38
770,771,100%,Basira,"38,663","1:4,593",0.00021772262138036142,1.0,1.0,0.0
771,772,100%,Livinus,"38,658","1:4,593",0.00021772262138036142,1.0,1.0,0.0
772,773,99% ,Yohanna,"38,628","1:4,597",0.00021753317380900588,0.99,0.99,0.010000000000000009
773,774,100%,Fatimat,"38,583","1:4,602",0.000217296827466319,1.0,1.0,0.0
774,775,100%,Ajoke,"38,545","1:4,607",0.00021706099413935315,1.0,1.0,0.0
775,776,61% ,Ndifreke,"38,540","1:4,607",0.00021706099413935315,0.61,0.61,0.39
776,777,100%,Hawa,"38,478","1:4,615",0.00021668472372697725,1.0,1.0,0.0
777,778,96% ,Liman,"38,418","1:4,622",0.00021635655560363478,0.96,0.96,0.040000000000000036
778,779,100%,Habibat,"38,405","1:4,623",0.00021630975556997622,1.0,1.0,0.0
779,780,100%,Taibat,"38,337","1:4,632",0.0002158894645941278,1.0,1.0,0.0
780,781,100%,Idiris,"38,304","1:4,636",0.00021570319240724764,1.0,1.0,0.0
781,782,100%,Nathaniel,"38,292","1:4,637",0.00021565667457407807,1.0,1.0,0.0
782,783,100%,Austine,"38,274","1:4,639",0.0002155636990730761,1.0,1.0,0.0
783,784,100%,Bilyaminu,"38,133","1:4,656",0.0002147766323024055,1.0,1.0,0.0
784,785,100%,Wale,"38,093","1:4,661",0.00021454623471358077,1.0,1.0,0.0
785,786,100%,Jafaru,"37,880","1:4,688",0.00021331058020477816,1.0,1.0,0.0
786,787,100%,Shafaatu,"37,809","1:4,696",0.00021294718909710392,1.0,1.0,0.0
787,788, 75%,Ese,"37,668","1:4,714",0.00021213406873143826,0.75,0.75,0.25
788,789,100%,Olufunke,"37,619","1:4,720",0.000211864406779661,1.0,1.0,0.0
789,790,100%,Osita,"37,522","1:4,732",0.00021132713440405747,1.0,1.0,0.0
790,791, 72%,Ebele,"37,454","1:4,741",0.0002109259649862898,0.72,0.72,0.28
791,792,100%,Balikis,"37,423","1:4,745",0.00021074815595363542,1.0,1.0,0.0
792,793, 77%,Adesola,"37,414","1:4,746",0.00021070375052675939,0.77,0.77,0.22999999999999998
793,794, 64%,Taiye,"37,398","1:4,748",0.00021061499578770007,0.64,0.64,0.36
794,795, 63%,Iniobong,"37,387","1:4,749",0.0002105706464518846,0.63,0.63,0.37
795,796, 64%,Adebisi,"37,258","1:4,766",0.000209819555182543,0.64,0.64,0.36
796,797,100%,Reuben,"37,205","1:4,773",0.00020951183741881415,1.0,1.0,0.0
797,798,100%,Isiyaku,"37,172","1:4,777",0.00020933640360058616,1.0,1.0,0.0
798,799,100%,Kamilu,"37,088","1:4,788",0.00020885547201336674,1.0,1.0,0.0
799,800,100%,Olajide,"37,047","1:4,793",0.00020863759649488838,1.0,1.0,0.0
800,801,100%,Mathias,"36,675","1:4,842",0.00020652622883106156,1.0,1.0,0.0
801,802,100%,Olatunji,"36,514","1:4,863",0.00020563438206868187,1.0,1.0,0.0
802,803,93% ,Oladele,"36,495","1:4,865",0.00020554984583761563,0.93,0.93,0.06999999999999995
803,804,100%,Silas,"36,399","1:4,878",0.0002050020500205002,1.0,1.0,0.0
804,805,100%,William,"36,384","1:4,880",0.00020491803278688525,1.0,1.0,0.0
805,806,100%,Hudu,"36,352","1:4,885",0.00020470829068577277,1.0,1.0,0.0
806,807,100%,Falilat,"36,260","1:4,897",0.00020420665713702266,1.0,1.0,0.0
807,808,100%,Silifat,"36,106","1:4,918",0.00020333468889792598,1.0,1.0,0.0
808,809,100%,Christy,"36,074","1:4,922",0.0002031694433157253,1.0,1.0,0.0
809,810,100%,Cyril,"36,013","1:4,931",0.00020279862096937742,1.0,1.0,0.0
810,811,100%,Rapheal,"35,905","1:4,945",0.00020222446916076846,1.0,1.0,0.0
811,812,100%,Rasidat,"35,799","1:4,960",0.00020161290322580645,1.0,1.0,0.0
812,813,100%,Angelina,"35,766","1:4,965",0.0002014098690835851,1.0,1.0,0.0
813,814,77% ,Ade,"35,690","1:4,975",0.00020100502512562814,0.77,0.77,0.22999999999999998
814,815,100%,Uba,"35,621","1:4,985",0.00020060180541624874,1.0,1.0,0.0
815,816,100%,Godfrey,"35,601","1:4,988",0.00020048115477145148,1.0,1.0,0.0
816,817,100%,Aderonke,"35,589","1:4,989",0.00020044097013429546,1.0,1.0,0.0
817,818,99% ,Hamidu,"35,567","1:4,992",0.00020032051282051281,0.99,0.99,0.010000000000000009
818,819,100%,Mukaila,"35,521","1:4,999",0.00020004000800160032,1.0,1.0,0.0
819,820,100%,Rasaq,"35,435","1:5,011",0.00019956096587507485,1.0,1.0,0.0
820,821,100%,Fidelia,"35,386","1:5,018",0.00019928258270227183,1.0,1.0,0.0
821,822,69% ,Biodun,"35,385","1:5,018",0.00019928258270227183,0.69,0.69,0.31000000000000005
822,823,100%,Dalhatu,"35,329","1:5,026",0.00019896538002387584,1.0,1.0,0.0
823,824,60% ,Destiny,"35,295","1:5,031",0.00019876764062810574,0.6,0.6,0.4
824,825,98% ,Husaini,"35,292","1:5,031",0.00019876764062810574,0.98,0.98,0.020000000000000018
825,826,85% ,Obi,"35,276","1:5,034",0.0001986491855383393,0.85,0.85,0.15000000000000002
826,827, 99%,Samira,"35,274","1:5,034",0.0001986491855383393,0.99,0.99,0.010000000000000009
827,828,100%,Steven,"35,219","1:5,042",0.00019833399444664816,1.0,1.0,0.0
828,829,100%,Abibat,"35,150","1:5,052",0.0001979414093428345,1.0,1.0,0.0
829,830,100%,Chukwuka,"34,955","1:5,080",0.0001968503937007874,1.0,1.0,0.0
830,831,97% ,Alasan,"34,898","1:5,088",0.00019654088050314466,0.97,0.97,0.030000000000000027
831,832,100%,Martin,"34,770","1:5,107",0.00019580967299784609,1.0,1.0,0.0
832,833,100%,Kikelomo,"34,731","1:5,113",0.00019557989438685703,1.0,1.0,0.0
833,834,100%,Sirajo,"34,719","1:5,114",0.00019554165037152912,1.0,1.0,0.0
834,835,100%,Ridwan,"34,660","1:5,123",0.00019519812609798947,1.0,1.0,0.0
835,836,100%,Olajumoke,"34,633","1:5,127",0.0001950458357714063,1.0,1.0,0.0
836,837,100%,Alexander,"34,580","1:5,135",0.00019474196689386563,1.0,1.0,0.0
837,838, 67%,Oluchukwu,"34,566","1:5,137",0.00019466614755693986,0.67,0.67,0.32999999999999996
838,839,58% ,Adeyinka,"34,541","1:5,141",0.00019451468585878233,0.58,0.58,0.42000000000000004
839,840,100%,Nkiruka,"34,540","1:5,141",0.00019451468585878233,1.0,1.0,0.0
840,841,100%,Jelili,"34,411","1:5,160",0.0001937984496124031,1.0,1.0,0.0
841,842,100%,Hawawu,"34,354","1:5,169",0.0001934610176049526,1.0,1.0,0.0
842,843,100%,Markus,"34,123","1:5,204",0.0001921598770176787,1.0,1.0,0.0
843,844,51% ,Edidiong,"33,995","1:5,223",0.00019146084625694046,0.51,0.51,0.49
844,845,100%,Uju,"33,928","1:5,234",0.00019105846388995032,1.0,1.0,0.0
845,846,100%,Fatimatu,"33,870","1:5,243",0.00019073049780659929,1.0,1.0,0.0
846,847,100%,Chris,"33,855","1:5,245",0.00019065776930409913,1.0,1.0,0.0
847,848,100%,Ahamed,"33,810","1:5,252",0.0001904036557501904,1.0,1.0,0.0
848,849,100%,Magdalene,"33,802","1:5,253",0.00019036740909956216,1.0,1.0,0.0
849,850,100%,Austin,"33,741","1:5,263",0.00019000570017100514,1.0,1.0,0.0
850,851,100%,Kamal,"33,709","1:5,268",0.00018982536066818528,1.0,1.0,0.0
851,852, 73%,Adebola,"33,675","1:5,273",0.00018964536317087047,0.73,0.73,0.27
852,853,98% ,Ladan,"33,596","1:5,285",0.0001892147587511826,0.98,0.98,0.020000000000000018
853,854,100%,Chuks,"33,593","1:5,286",0.00018917896329928113,1.0,1.0,0.0
854,855, 99%,Oluwabunmi,"33,515","1:5,298",0.00018875047187617969,0.99,0.99,0.010000000000000009
855,856,81% ,Ajayi,"33,425","1:5,312",0.00018825301204819278,0.81,0.81,0.18999999999999995
856,857, 62%,Olaitan,"33,405","1:5,316",0.00018811136192626034,0.62,0.62,0.38
857,858,72% ,Aniefiok,"33,348","1:5,325",0.00018779342723004695,0.72,0.72,0.28
858,859,100%,Sade,"33,338","1:5,326",0.0001877581674802854,1.0,1.0,0.0
859,860,100%,Bintu,"33,251","1:5,340",0.00018726591760299626,1.0,1.0,0.0
860,861,68% ,Efe,"33,233","1:5,343",0.00018716077110237696,0.68,0.68,0.31999999999999995
861,862,100%,Elisha,"33,230","1:5,343",0.00018716077110237696,1.0,1.0,0.0
862,863,100%,Jacinta,"33,075","1:5,369",0.00018625442354255913,1.0,1.0,0.0
863,864,100%,Adams,"32,962","1:5,387",0.00018563207722294413,1.0,1.0,0.0
864,865,100%,Nkiru,"32,939","1:5,391",0.0001854943424225561,1.0,1.0,0.0
865,866,100%,Kadijat,"32,607","1:5,446",0.0001836210062431142,1.0,1.0,0.0
866,867,100%,Foluke,"32,562","1:5,453",0.00018338529249954154,1.0,1.0,0.0
867,868,100%,Hamsatu,"32,491","1:5,465",0.00018298261665141812,1.0,1.0,0.0
868,869,96% ,Asuquo,"32,420","1:5,477",0.00018258170531312764,0.96,0.96,0.040000000000000036
869,870,100%,Funmi,"32,398","1:5,481",0.00018244845831052726,1.0,1.0,0.0
870,871,100%,Muideen,"32,329","1:5,492",0.0001820830298616169,1.0,1.0,0.0
871,872,100%,Olaniyi,"32,307","1:5,496",0.0001819505094614265,1.0,1.0,0.0
872,873,100%,Wilson,"32,290","1:5,499",0.0001818512456810329,1.0,1.0,0.0
873,874,97% ,Godswill,"32,196","1:5,515",0.00018132366273798732,0.97,0.97,0.030000000000000027
874,875, 78%,Ufuoma,"32,150","1:5,523",0.0001810610175629187,0.78,0.78,0.21999999999999997
875,876,70% ,Kaka,"32,020","1:5,545",0.00018034265103697024,0.7,0.7,0.30000000000000004
876,877,100%,Abbakar,"31,812","1:5,582",0.00017914725904693657,1.0,1.0,0.0
877,878,100%,Abdulmumini,"31,606","1:5,618",0.000177999288002848,1.0,1.0,0.0
878,879,90% ,Okafor,"31,565","1:5,625",0.00017777777777777779,0.9,0.9,0.09999999999999998
879,880,52% ,Udoka,"31,557","1:5,627",0.00017771459036786921,0.52,0.52,0.48
880,881, 84%,Godiya,"31,471","1:5,642",0.0001772421127259837,0.84,0.84,0.16000000000000003
881,882,98% ,Yaya,"31,399","1:5,655",0.00017683465959328028,0.98,0.98,0.020000000000000018
882,883,100%,Hasiya,"31,396","1:5,656",0.0001768033946251768,1.0,1.0,0.0
883,884,81% ,Nsikak,"31,391","1:5,657",0.00017677214071062401,0.81,0.81,0.18999999999999995
884,885,72% ,Uwem,"31,381","1:5,658",0.00017674089784376105,0.72,0.72,0.28
885,886,100%,Abdulrasheed,"31,333","1:5,667",0.0001764602082230457,1.0,1.0,0.0
886,887,100%,Ubaida,"31,293","1:5,674",0.00017624250969333803,1.0,1.0,0.0
887,888, 67%,Idorenyin,"31,269","1:5,679",0.00017608733932030288,0.67,0.67,0.32999999999999996
888,889,100%,Theophilus,"31,032","1:5,722",0.00017476406850751484,1.0,1.0,0.0
889,890,100%,Sadia,"31,019","1:5,724",0.00017470300489168413,1.0,1.0,0.0
890,891,100%,Garuba,"30,911","1:5,744",0.00017409470752089137,1.0,1.0,0.0
891,892,100%,Virginia,"30,902","1:5,746",0.0001740341106856944,1.0,1.0,0.0
892,893,100%,Valentine,"30,864","1:5,753",0.00017382235355466714,1.0,1.0,0.0
893,894,100%,Adejoke,"30,848","1:5,756",0.00017373175816539263,1.0,1.0,0.0
894,895,100%,Ramat,"30,840","1:5,758",0.0001736714136853074,1.0,1.0,0.0
895,896, 71%,Nse,"30,769","1:5,771",0.00017328019407381737,0.71,0.71,0.29000000000000004
896,897,100%,Celestina,"30,649","1:5,793",0.00017262213015708613,1.0,1.0,0.0
897,898,100%,Halimatu,"30,352","1:5,850",0.00017094017094017094,1.0,1.0,0.0
898,899,100%,Semiu,"30,273","1:5,865",0.00017050298380221653,1.0,1.0,0.0
899,900,100%,Cordelia,"30,272","1:5,866",0.00017047391749062393,1.0,1.0,0.0
900,901,100%,Saturday,"30,260","1:5,868",0.00017041581458759374,1.0,1.0,0.0
901,902,100%,Rufus,"30,193","1:5,881",0.00017003910899506886,1.0,1.0,0.0
902,903, 83%,Chinwendu,"30,101","1:5,899",0.00016952025767079165,0.83,0.83,0.17000000000000004
903,904,100%,Robert,"30,086","1:5,902",0.00016943409013893597,1.0,1.0,0.0
904,905,100%,Clara,"30,063","1:5,906",0.00016931933626820184,1.0,1.0,0.0
905,906,100%,Saviour,"29,920","1:5,935",0.00016849199663016007,1.0,1.0,0.0
906,907,97% ,Afolabi,"29,888","1:5,941",0.000168321831341525,0.97,0.97,0.030000000000000027
907,908,100%,Basil,"29,886","1:5,941",0.000168321831341525,1.0,1.0,0.0
908,909,100%,Ai,"29,854","1:5,948",0.00016812373907195696,1.0,1.0,0.0
909,910,98% ,Olatunde,"29,824","1:5,954",0.00016795431642593214,0.98,0.98,0.020000000000000018
910,911,100%,Kasim,"29,637","1:5,991",0.00016691704223001168,1.0,1.0,0.0
911,912,76% ,Tobi,"29,569","1:6,005",0.00016652789342214822,0.76,0.76,0.24
912,913,64% ,Oluwatobi,"29,524","1:6,014",0.00016627868307283005,0.64,0.64,0.36
913,914,100%,Saidat,"29,406","1:6,038",0.00016561775422325274,1.0,1.0,0.0
914,915,100%,Chidimma,"29,377","1:6,044",0.00016545334215751158,1.0,1.0,0.0
915,916,83% ,Aniekan,"29,366","1:6,047",0.000165371258475277,0.83,0.83,0.17000000000000004
916,917,100%,Maxwell,"29,360","1:6,048",0.00016534391534391533,1.0,1.0,0.0
917,918,84% ,Amaechi,"29,327","1:6,055",0.00016515276630883568,0.84,0.84,0.16000000000000003
918,919,100%,Faiza,"29,204","1:6,080",0.0001644736842105263,1.0,1.0,0.0
919,920,100%,Memunat,"29,200","1:6,081",0.000164446637066272,1.0,1.0,0.0
920,921,100%,Sikirat,"29,163","1:6,089",0.00016423057973394647,1.0,1.0,0.0
921,922,100%,Justice,"29,142","1:6,093",0.00016412276382734285,1.0,1.0,0.0
922,923,68% ,Sidi,"29,130","1:6,096",0.00016404199475065617,0.68,0.68,0.31999999999999995
923,924,100%,Lubabatu,"29,079","1:6,106",0.00016377333770062233,1.0,1.0,0.0
924,925,97% ,Bulama,"29,032","1:6,116",0.00016350555918901244,0.97,0.97,0.030000000000000027
925,926, 53%,Obioma,"29,023","1:6,118",0.00016345210853220007,0.53,0.53,0.47
926,927,100%,Abass,"29,014","1:6,120",0.0001633986928104575,1.0,1.0,0.0
927,928,100%,Shamsiya,"28,909","1:6,142",0.00016281341582546403,1.0,1.0,0.0
928,929,100%,Olakunle,"28,862","1:6,152",0.00016254876462938882,1.0,1.0,0.0
929,930, 82%,Enobong,"28,840","1:6,157",0.00016241676140977748,0.82,0.82,0.18000000000000005
930,931,100%,Rukaya,"28,821","1:6,161",0.00016231131309852296,1.0,1.0,0.0
931,932,100%,Julianah,"28,810","1:6,163",0.00016225864027259452,1.0,1.0,0.0
932,933, 90%,Ene,"28,796","1:6,166",0.0001621796951021732,0.9,0.9,0.09999999999999998
933,934,100%,Atim,"28,748","1:6,177",0.00016189088554314392,1.0,1.0,0.0
934,935,100%,Franklin,"28,745","1:6,177",0.00016189088554314392,1.0,1.0,0.0
935,936,100%,Khalid,"28,721","1:6,182",0.00016175994823681658,1.0,1.0,0.0
936,937,100%,Nafisatu,"28,703","1:6,186",0.00016165535079211123,1.0,1.0,0.0
937,938,100%,Awawu,"28,699","1:6,187",0.00016162922256343946,1.0,1.0,0.0
938,939,100%,Zahrau,"28,687","1:6,190",0.00016155088852988692,1.0,1.0,0.0
939,940,100%,Suliyat,"28,639","1:6,200",0.00016129032258064516,1.0,1.0,0.0
940,941,100%,Nkechinyere,"28,591","1:6,210",0.00016103059581320451,1.0,1.0,0.0
941,942,100%,Dickson,"28,509","1:6,228",0.00016056518946692356,1.0,1.0,0.0
942,943,100%,Abdulrazak,"28,476","1:6,236",0.00016035920461834508,1.0,1.0,0.0
943,944,93% ,Okwudili,"28,456","1:6,240",0.00016025641025641026,0.93,0.93,0.06999999999999995
944,945,100%,Sagiru,"28,448","1:6,242",0.00016020506247997436,1.0,1.0,0.0
945,946,100%,Lekan,"28,399","1:6,252",0.0001599488163787588,1.0,1.0,0.0
946,947,100%,Saudat,"28,276","1:6,280",0.0001592356687898089,1.0,1.0,0.0
947,948,100%,Atiku,"28,243","1:6,287",0.0001590583744234134,1.0,1.0,0.0
948,949,60% ,Odinaka,"28,242","1:6,287",0.0001590583744234134,0.6,0.6,0.4
949,950,100%,Adaeze,"28,160","1:6,306",0.0001585791309863622,1.0,1.0,0.0
950,951, 52%,Mama,"28,098","1:6,319",0.0001582528881152081,0.52,0.52,0.48
951,952,100%,Caleb,"28,093","1:6,321",0.00015820281601012498,1.0,1.0,0.0
952,953,62% ,Olushola,"28,065","1:6,327",0.000158052789631737,0.62,0.62,0.38
953,954, 80%,Eniola,"27,964","1:6,350",0.00015748031496062991,0.8,0.8,0.19999999999999996
954,955,100%,Abdulwahab,"27,955","1:6,352",0.00015743073047858942,1.0,1.0,0.0
955,956,100%,Yahya,"27,950","1:6,353",0.00015740594994490792,1.0,1.0,0.0
956,957, 86%,Ogechukwu,"27,886","1:6,368",0.000157035175879397,0.86,0.86,0.14
957,958, 86%,Ozioma,"27,881","1:6,369",0.0001570105197048202,0.86,0.86,0.14
958,959,100%,Anita,"27,820","1:6,383",0.00015666614444618518,1.0,1.0,0.0
959,960,92% ,Lauwali,"27,809","1:6,385",0.00015661707126076742,0.92,0.92,0.07999999999999996
960,961,100%,Bernard,"27,717","1:6,406",0.00015610365282547612,1.0,1.0,0.0
961,962,100%,Asiya,"27,592","1:6,435",0.0001554001554001554,1.0,1.0,0.0
962,963,100%,Sidikat,"27,559","1:6,443",0.0001552072016141549,1.0,1.0,0.0
963,964, 72%,Bidemi,"27,550","1:6,445",0.0001551590380139643,0.72,0.72,0.28
964,965,100%,Harrison,"27,548","1:6,446",0.00015513496742165683,1.0,1.0,0.0
965,966,100%,Saka,"27,526","1:6,451",0.0001550147263990079,1.0,1.0,0.0
966,967,100%,Fasilat,"27,512","1:6,454",0.0001549426712116517,1.0,1.0,0.0
967,968,100%,Muibat,"27,479","1:6,462",0.00015475085112968121,1.0,1.0,0.0
968,969,100%,Irene,"27,478","1:6,462",0.00015475085112968121,1.0,1.0,0.0
969,970,100%,Jubril,"27,446","1:6,470",0.0001545595054095827,1.0,1.0,0.0
970,971,100%,Hanatu,"27,391","1:6,483",0.00015424957581366652,1.0,1.0,0.0
971,972,99% ,Kola,"27,355","1:6,491",0.00015405946695424435,0.99,0.99,0.010000000000000009
972,973,100%,Barnabas,"27,342","1:6,494",0.0001539882968894364,1.0,1.0,0.0
973,974, 77%,Temitayo,"27,329","1:6,497",0.00015391719255040788,0.77,0.77,0.22999999999999998
974,975,100%,Zayyanu,"27,311","1:6,502",0.00015379883112888343,1.0,1.0,0.0
975,976,100%,Musibau,"27,291","1:6,506",0.0001537042729787888,1.0,1.0,0.0
976,977, 98%,Hajiya,"27,287","1:6,507",0.0001536806516059628,0.98,0.98,0.020000000000000018
977,978, 71%,Success,"27,282","1:6,508",0.00015365703749231714,0.71,0.71,0.29000000000000004
978,979,78% ,Kufre,"27,278","1:6,509",0.00015363343063450608,0.78,0.78,0.21999999999999997
979,980,100%,Dayyabu,"27,265","1:6,513",0.00015353907569476432,1.0,1.0,0.0
980,981,87% ,Kolo,"27,252","1:6,516",0.0001534683855125844,0.87,0.87,0.13
981,982,98% ,Malami,"27,250","1:6,516",0.0001534683855125844,0.98,0.98,0.020000000000000018
982,983,100%,Sadiat,"27,082","1:6,557",0.00015250876925423213,1.0,1.0,0.0
983,984,100%,Sylvanus,"27,043","1:6,566",0.00015229972586049346,1.0,1.0,0.0
984,985, 96%,Uchechi,"26,981","1:6,581",0.000151952590791673,0.96,0.96,0.040000000000000036
985,986,100%,Haliru,"26,980","1:6,581",0.000151952590791673,1.0,1.0,0.0
986,987,100%,Kuburat,"26,969","1:6,584",0.00015188335358444713,1.0,1.0,0.0
987,988, 76%,Ejiro,"26,966","1:6,585",0.00015186028853454822,0.76,0.76,0.24
988,989,87% ,Maina,"26,818","1:6,621",0.00015103458692040478,0.87,0.87,0.13
989,990,100%,Princess,"26,810","1:6,623",0.00015098897780462027,1.0,1.0,0.0
990,991,100%,Kennedy,"26,772","1:6,632",0.00015078407720144752,1.0,1.0,0.0
991,992, 80%,Victory,"26,757","1:6,636",0.0001506931886678722,0.8,0.8,0.19999999999999996
992,993,100%,Abdulkareem,"26,673","1:6,657",0.0001502178158329578,1.0,1.0,0.0
993,994,100%,Olanike,"26,644","1:6,664",0.00015006002400960383,1.0,1.0,0.0
994,995,100%,Emily,"26,629","1:6,668",0.00014997000599880023,1.0,1.0,0.0
995,996,98% ,Sambo,"26,594","1:6,677",0.0001497678598172832,0.98,0.98,0.020000000000000018
996,997,100%,Wahab,"26,550","1:6,688",0.00014952153110047846,1.0,1.0,0.0
997,998,100%,Babayo,"26,538","1:6,691",0.00014945449110745777,1.0,1.0,0.0
998,999,100%,Ikwo,"26,530","1:6,693",0.00014940983116689077,1.0,1.0,0.0
999,1000,100%,Mairo,"26,515","1:6,697",0.00014932059130954157,1.0,1.0,0.0
